sample,n_loci,n_used_fw_reads,mean_cov,mean_cov_ns,Espece,Gen_ZONE,Raw
PB_1644,135562,1461817,10.783,13.406,Pb,SFA-6,8168889
PB_1644_precEtOH,133028,1305293,9.812,12.213,Pb,SFA-6,7180422
PB_1645,118101,909727,7.703,9.127,Pb,SFA-6,4984796
PB_1645_precEtOH,129961,1316164,10.127,12.773,Pb,SFA-6,7257191
Pb_0001,134688,1605804,11.922,14.943,Pb,SFA-7,8335843
Pb_0002,128480,1658741,12.91,15.829,Pb,SFA-7,8727306
Pb_0003,125818,1091778,8.677,10.571,Pb,SFA-7,5742790
Pb_0005,144650,3172091,21.929,28.212,Pb,SFA-7,17221737
Pb_0006,62136,1046385,16.84,20.227,Pb,SFA-7,5014456
Pb_0007,138770,2675513,19.28,24.662,Pb,SFA-7,14372740
Pb_0008,125558,1808557,14.404,18.149,Pb,SFA-7,9058492
Pb_0009,129358,1752501,13.548,16.568,Pb,SFA-7,10116978
Pb_0010,117884,859165,7.288,8.686,Pb,SFA-7,4579520
Pb_0011,125722,1860463,14.798,17.995,Pb,SFA-7,9949813
Pb_0012,108584,1306191,12.029,14.239,Pb,SFA-7,6313517
Pb_0013,123246,2001099,16.237,21.005,Pb,SFA-7,10980364
Pb_0014,115947,838644,7.233,8.518,Pb,SFA-7,4873531
Pb_0015,120448,1564378,12.988,15.5,Pb,SFA-7,8342542
Pb_0016,130417,1921116,14.731,18.035,Pb,SFA-7,10663522
Pb_0017,129004,2643249,20.49,26.567,Pb,SFA-7,13627611
Pb_0018,122663,2021630,16.481,20.765,Pb,SFA-7,10102833
Pb_0019,112644,914858,8.122,9.435,Pb,SFA-7,5101608
Pb_0020,117133,1725588,14.732,17.84,Pb,SFA-7,8330401
Pb_0021,127600,2114933,16.575,20.293,Pb,SFA-7,10938454
Pb_0022,143489,4205017,29.306,37.948,Pb,SFA-7,21897806
Pb_0023,118011,1853486,15.706,19.405,Pb,SFA-7,9318977
Pb_0025,119858,1797130,14.994,18.429,Pb,SFA-7,8752183
Pb_0026,135971,1678042,12.341,15.473,Pb,SFA-7,8743337
Pb_0027,126977,1377381,10.847,13.603,Pb,SFA-7,7320301
Pb_0028,136259,2533581,18.594,23.266,Pb,SFA-7,12925172
Pb_0029,118675,1724999,14.535,17.967,Pb,SFA-7,8520835
Pb_0030,117027,1795893,15.346,18.813,Pb,SFA-7,8918485
Pb_0031,109340,933108,8.534,9.962,Pb,SFA-7,4773292
Pb_0039,108785,1746205,16.052,19.027,Pb,SFA-15,8724668
Pb_0040,132618,1698540,12.808,15.852,Pb,SFA-15,8800096
Pb_0042,125569,1312339,10.451,12.645,Pb,SFA-15,7120120
Pb_0043,113319,2569011,22.671,27.798,Pb,SFA-15,12799542
Pb_0044,124214,2592205,20.869,27.095,Pb,SFA-15,14233571
Pb_0045,107903,1288818,11.944,13.912,Pb,SFA-15,6348414
Pb_0046,128402,1423782,11.088,13.799,Pb,SFA-15,7746841
Pb_0047,136076,2383053,17.513,22.011,Pb,SFA-15,13000984
Pb_0048,109590,1305162,11.909,14.184,Pb,SFA-15,6653611
Pb_0050,150181,2237757,14.9,20.073,Pb,SFA-15,11625635
Pb_0052,119217,1681030,14.101,18.081,Pb,SFA-15,8942145
Pb_0053,105110,658603,6.266,7.15,Pb,SFA-15,3565441
Pb_0056,148075,2503212,16.905,22.279,Pb,SFA-15,12896019
Pb_0057,136526,1629679,11.937,14.944,Pb,SFA-15,8763438
Pb_0059,135796,2047731,15.079,19.047,Pb,SFA-15,11022039
Pb_0060,133081,1954989,14.69,18.147,Pb,SFA-15,10278030
Pb_0061,129190,1150180,8.903,10.971,Pb,SFA-15,6066923
Pb_0062,141930,1592751,11.222,14.318,Pb,SFA-15,8402437
Pb_0064,133426,2781021,20.843,26.07,Pb,SFA-15,14237360
Pb_0065,111825,817618,7.312,8.428,Pb,SFA-15,4225248
Pb_0066,146730,1957446,13.34,17.483,Pb,SFA-15,10262800
Pb_0068,134164,2098776,15.643,19.654,Pb,SFA-15,10882471
Pb_0070,121876,1430158,11.735,14.002,Pb,SFA-15,7291026
Pb_0071,107267,700741,6.533,7.444,Pb,SFA-15,3599457
Pb_0073,125542,2547414,20.291,25.691,Pb,SFA-15,12811639
Pb_0074,128026,1482521,11.58,14.059,Pb,SFA-15,7525719
Pb_0075,132817,2121937,15.976,20.081,Pb,SFA-15,11046443
Pb_0076,136003,2072172,15.236,19.001,Pb,SFA-15,11094844
Pb_0077,130139,1416811,10.887,13.372,Pb,SFA-15,7990684
Pb_0108,123515,1624448,13.152,16.366,Pb,SFA-13,8163645
Pb_0109,112372,840573,7.48,8.684,Pb,SFA-13,4543412
Pb_0111,138959,2327091,16.747,21.515,Pb,SFA-13,12030695
Pb_0113,132307,1384280,10.463,12.895,Pb,SFA-13,7076891
Pb_0116,120461,1172443,9.733,11.513,Pb,SFA-13,6043554
Pb_0119,131178,1503033,11.458,14.231,Pb,SFA-13,7873636
Pb_0120,112287,835152,7.438,8.662,Pb,SFA-13,4186655
Pb_0121,125691,1447544,11.517,14.039,Pb,SFA-13,7582908
Pb_0123,122441,2385110,19.48,24.509,Pb,SFA-13,11653190
Pb_0128,127604,1263272,9.9,12.01,Pb,SFA-13,6680492
Pb_0130,128859,1313291,10.192,12.688,Pb,SFA-13,6968284
Pb_0132,119196,1264479,10.608,12.522,Pb,SFA-13,6871110
Pb_0135,123766,1262943,10.204,12.166,Pb,SFA-13,6846074
Pb_0136,133053,1635526,12.292,15.409,Pb,SFA-13,8598518
Pb_0137,117558,1324504,11.267,13.66,Pb,SFA-13,6843703
Pb_0139,115568,1362600,11.79,14.182,Pb,SFA-13,6687970
Pb_0141,138733,3585906,25.848,32.692,Pb,SFA-13,18593480
Pb_0142,117961,2216542,18.79,23.688,Pb,SFA-13,12053747
Pb_0143,139157,1992397,14.318,18.159,Pb,SFA-13,10464779
Pb_0145,125934,1556126,12.357,14.987,Pb,SFA-13,8567274
Pb_0146,144871,2089268,14.422,19.029,Pb,SFA-13,10926642
Pb_0147,134133,3453680,25.748,34.905,Pb,SFA-13,18983571
Pb_0148,129611,1636723,12.628,15.419,Pb,SFA-13,8624694
Pb_0149,121606,1251811,10.294,12.357,Pb,SFA-13,6666511
Pb_0150,121350,2444489,20.144,25.94,Pb,SFA-13,13231262
Pb_0151,138830,2819746,20.311,25.893,Pb,SFA-13,14674075
Pb_0152,126027,2627856,20.852,25.519,Pb,SFA-13,13419941
Pb_0153,131475,1566033,11.911,14.582,Pb,SFA-13,8074670
Pb_0154,111362,1755922,15.768,18.616,Pb,SFA-13,8583227
Pb_0155,126632,1222616,9.655,11.914,Pb,SFA-13,6250169
Pb_0157,119303,974878,8.171,9.816,Pb,SFA-15,5253724
Pb_0159,144245,1493658,10.355,13.681,Pb,SFA-15,7748669
Pb_0162,147056,2130845,14.49,19.9,Pb,SFA-15,11035397
Pb_0164,142129,2178074,15.325,19.744,Pb,SFA-15,12276578
Pb_0165,131994,1767076,13.388,16.765,Pb,SFA-15,8977068
Pb_0166,89124,463544,5.201,5.763,Pb,SFA-15,2378043
Pb_0168,127519,2074290,16.267,20.876,Pb,SFA-15,10495384
Pb_0169,157226,2053942,13.064,17.927,Pb,SFA-15,10529209
Pb_0170,148607,1556560,10.474,14.34,Pb,SFA-15,8201560
Pb_0173,132664,1739188,13.11,16.087,Pb,SFA-15,8996629
Pb_0174,119523,1074083,8.986,10.707,Pb,SFA-15,5631340
Pb_0177,137246,2480290,18.072,23.244,Pb,SFA-15,13725602
Pb_0179,101766,539215,5.299,5.984,Pb,SFA-15,2767529
Pb_0180,100610,1886700,18.753,22.606,Pb,SFA-15,9419795
Pb_0181,120878,946889,7.833,9.361,Pb,SFA-15,5357207
Pb_0182,143737,1671335,11.628,15.023,Pb,SFA-15,8922798
Pb_0183,130588,1602145,12.269,15.092,Pb,SFA-15,8356370
Pb_0184,132003,1650934,12.507,15.488,Pb,SFA-15,8474251
Pb_0185,117951,1572389,13.331,16.845,Pb,SFA-15,8670884
Pb_0188,138988,3016390,21.703,28.234,Pb,SFA-15,15974252
Pb_0190,129265,2004861,15.51,19.047,Pb,SFA-15,10958214
Pb_0191,111456,881636,7.91,9.08,Pb,SFA-15,4627936
Pb_0192,134141,1629813,12.15,15.221,Pb,SFA-15,8711610
Pb_0194,131813,1510876,11.462,14.408,Pb,SFA-15,7884299
Pb_0195,136515,1619930,11.866,15.224,Pb,SFA-15,8786891
Pb_0197,133995,1299912,9.701,12.25,Pb,SFA-15,6960816
Pb_0198,123563,1644144,13.306,15.969,Pb,SFA-15,8897003
Pb_0201,123470,1670373,13.529,16.921,Pb,SFA-15,8387508
Pb_0202,116285,1163949,10.009,11.787,Pb,SFA-15,5721294
Pb_0203,135151,2575987,19.06,26.152,Pb,SFA-15,13380125
Pb_0206,128799,2468132,19.163,24.652,Pb,SFA-15,12728280
Pb_0207,116782,2260358,19.355,24.244,Pb,SFA-15,11227271
Pb_0209,127882,2598707,20.321,26.873,Pb,SFA-15,13996866
Pb_0210,131066,2564641,19.568,23.953,Pb,SFA-15,13410430
Pb_0211,116145,919235,7.915,9.248,Pb,SFA-15,4841187
Pb_0212,145222,2778589,19.133,25.271,Pb,SFA-15,14145800
Pb_0213,124173,1317398,10.609,12.798,Pb,SFA-15,6962755
Pb_0215,135270,1403794,10.378,13.055,Pb,SFA-15,7150971
Pb_0216,134949,2418288,17.92,22.358,Pb,SFA-15,12859113
Pb_0220,127821,2220318,17.371,21.167,Pb,SFA-15,11827620
Pb_0221,137207,1658773,12.09,15.207,Pb,SFA-15,8761539
Pb_0226,132673,1760411,13.269,16.526,Pb,SFA-15,8844311
Pb_0227,135133,1972846,14.599,18.357,Pb,SFA-15,10456326
Pb_0232,126474,1457583,11.525,14.056,Pb,SFA-15,7816801
Pb_0233,130954,1338393,10.22,12.583,Pb,SFA-15,7025565
Pb_0234,125084,1086375,8.685,10.62,Pb,SFA-15,5405397
Pb_0235,122174,1963825,16.074,19.323,Pb,SFA-15,9999147
Pb_0236,124396,1046070,8.409,10.159,Pb,SFA-15,5423385
Pb_0237,119900,866489,7.227,8.578,Pb,SFA-15,4812630
Pb_0238,119756,1078922,9.009,10.638,Pb,SFA-15,5707343
Pb_0239,120368,960488,7.98,9.423,Pb,SFA-15,5175670
Pb_0240,96549,1360227,14.088,16.984,Pb,SFA-15,7080421
Pb_0244,126371,1352893,10.706,13.186,Pb,SFA-15,7273986
Pb_0245,125392,3803433,30.332,39.028,Pb,SFA-15,18833490
Pb_0246,112356,853343,7.595,8.761,Pb,SFA-15,4507740
Pb_0247,121896,1127609,9.251,11.052,Pb,SFA-15,6241331
Pb_0248,138475,2053319,14.828,19.093,Pb,SFA-15,10634571
Pb_0249,117655,827003,7.029,8.254,Pb,SFA-15,4552013
Pb_0251,131672,1611784,12.241,15.279,Pb,SFA-15,8415750
Pb_0253,124215,1314587,10.583,12.79,Pb,SFA-15,7074914
Pb_0257,108449,838603,7.733,8.842,Pb,SFA-13,4543454
Pb_0259,137104,1831027,13.355,16.726,Pb,SFA-13,9617657
Pb_0260,129915,1850251,14.242,17.409,Pb,SFA-13,9737888
Pb_0266,107423,895050,8.332,9.745,Pb,SFA-13,4673579
Pb_0267,120166,1197633,9.966,11.82,Pb,SFA-13,6794200
Pb_0269,109769,734519,6.691,7.791,Pb,SFA-13,3825425
Pb_0270,136422,2117237,15.52,19.593,Pb,SFA-13,11312129
Pb_0271,112321,801044,7.132,8.242,Pb,SFA-13,4153304
Pb_0274,132347,2008962,15.18,18.999,Pb,SFA-13,10457078
Pb_0276,126115,1208642,9.584,11.837,Pb,SFA-13,6414139
Pb_0277,123069,1184689,9.626,11.566,Pb,SFA-13,6337919
Pb_0279,112232,778487,6.936,8.057,Pb,SFA-13,4322526
Pb_0281,107662,726815,6.751,7.856,Pb,SFA-13,3670453
Pb_0282,116472,874380,7.507,8.78,Pb,SFA-13,4675955
Pb_0283,128009,1824031,14.249,17.259,Pb,SFA-13,10117291
Pb_0285,125482,1474116,11.748,14.299,Pb,SFA-13,8079991
Pb_0287,121512,1231840,10.138,12.044,Pb,SFA-13,6404311
Pb_0288,108868,857810,7.879,8.99,Pb,SFA-13,4458781
Pb_0289,121106,1117726,9.229,11.016,Pb,SFA-13,5940800
Pb_0290,132980,1739379,13.08,16.103,Pb,SFA-13,9180197
Pb_0291,120425,2566152,21.309,26.639,Pb,SFA-13,12831733
Pb_0292,123438,1104348,8.947,10.755,Pb,SFA-13,5765427
Pb_0295,116134,1018279,8.768,10.302,Pb,SFA-13,5416001
Pb_0296,125122,1160987,9.279,11.162,Pb,SFA-13,5995142
Pb_0297,126430,2001557,15.831,19.057,Pb,SFA-13,10470535
Pb_0298,126790,1626381,12.827,15.455,Pb,SFA-13,8653547
Pb_0299,135487,2575658,19.01,23.851,Pb,SFA-13,13685890
Pb_0300,142519,2702246,18.961,24.23,Pb,SFA-13,14387711
Pb_0302,146529,3618123,24.692,32.27,Pb,SFA-13,19541832
Pb_0303,132858,2235461,16.826,20.766,Pb,SFA-13,11800601
Pb_0306,137028,1692425,12.351,15.493,Pb,SFA-13,8706902
Pb_0307,134486,1565868,11.643,14.498,Pb,SFA-13,8046161
Pb_0308,143851,2292006,15.933,20.667,Pb,SFA-13,12187947
Pb_0309,127661,1113861,8.725,10.64,Pb,SFA-13,6012857
Pb_0310,116072,920816,7.933,9.357,Pb,SFA-13,5037934
Pb_0311,132701,1403406,10.576,13.304,Pb,SFA-13,7454755
Pb_0312,153308,2300817,15.008,20.307,Pb,SFA-13,11647484
Pb_0313,136249,1819449,13.354,17.001,Pb,SFA-13,9578613
Pb_0314,135244,1288296,9.526,12.102,Pb,SFA-13,6761025
Pb_0315,124021,3537966,28.527,35.854,Pb,SFA-13,17337537
Pb_0316,130489,2389464,18.312,22.431,Pb,SFA-13,12385614
Pb_0317,156521,2174956,13.896,19.052,Pb,SFA-13,10936420
Pb_0318,124701,1442364,11.567,13.995,Pb,SFA-13,7519106
Pb_0319,135237,1866494,13.802,17.14,Pb,SFA-13,10089687
Pb_0320,125981,1215549,9.649,11.778,Pb,SFA-13,6364758
Pb_0321,127651,1178653,9.233,11.148,Pb,SFA-13,6172366
Pb_0322,120885,1079004,8.926,10.717,Pb,SFA-13,5747789
Pb_0323,120893,1459956,12.076,14.795,Pb,SFA-13,7275692
Pb_0324,143264,2834300,19.784,25.806,Pb,SFA-13,15086517
Pb_0325,105817,945026,8.931,10.774,Pb,SFA-13,5193666
Pb_0326,131153,1607350,12.256,14.976,Pb,SFA-13,8420909
Pb_0327,119729,1011202,8.446,9.927,Pb,SFA-13,5200474
Pb_0328,127735,1558476,12.201,14.875,Pb,SFA-13,8157840
Pb_0329,121884,1553498,12.746,15.8,Pb,SFA-13,7745093
Pb_0330,137943,2016185,14.616,18.407,Pb,SFA-13,10811197
Pb_0331,113983,868543,7.62,8.991,Pb,SFA-13,4575491
Pb_0332,125267,1485769,11.861,14.409,Pb,SFA-13,7791021
Pb_0354,122694,1085170,8.845,10.652,Pb,SFA-14,6022488
Pb_0356,139527,1430120,10.25,13.04,Pb,SFA-14,7486106
Pb_0357,134553,3001490,22.307,28.079,Pb,SFA-14,15866406
Pb_0358,140453,1568595,11.168,14.461,Pb,SFA-14,8018349
Pb_0359,109120,716685,6.568,7.56,Pb,SFA-14,3998064
Pb_0360,147968,3616413,24.441,35.28,Pb,SFA-14,18833935
Pb_0361,136418,2307227,16.913,21.122,Pb,SFA-14,13156439
Pb_0363,116042,1349274,11.627,13.665,Pb,SFA-14,7197119
Pb_0365,120594,2031721,16.848,20.201,Pb,SFA-14,10485623
Pb_0366,121034,1049695,8.673,10.355,Pb,SFA-14,5644711
Pb_0367,115379,1587834,13.762,17.295,Pb,SFA-14,8470464
Pb_0368,111282,707059,6.354,7.398,Pb,SFA-14,3623461
Pb_0370,121942,1288936,10.57,12.566,Pb,SFA-14,6859493
Pb_0372,123878,1966307,15.873,20.594,Pb,SFA-14,10633746
Pb_0373,123837,1403652,11.335,13.642,Pb,SFA-14,7201065
Pb_0374,137412,1870952,13.616,17.139,Pb,SFA-14,9790671
Pb_0375,79703,1161697,14.575,17.671,Pb,SFA-14,5854459
Pb_0376,122876,1703861,13.867,16.753,Pb,SFA-14,8975665
Pb_0377,133994,2883548,21.52,26.701,Pb,SFA-14,15218299
Pb_0378,129771,1760872,13.569,16.674,Pb,SFA-14,9229929
Pb_0379,124468,2013766,16.179,19.714,Pb,SFA-14,10588829
Pb_0380,142060,1515047,10.665,13.749,Pb,SFA-14,7923039
Pb_0381,131668,2555597,19.409,23.817,Pb,SFA-14,13468616
Pb_0385,132142,1476913,11.177,13.754,Pb,SFA-14,7767352
Pb_0386,115960,1946854,16.789,20.711,Pb,SFA-14,9623265
Pb_0387,120200,2280869,18.976,24.088,Pb,SFA-14,12303484
Pb_0390,129565,1782474,13.757,16.861,Pb,SFA-14,10001115
Pb_0392,127545,2707816,21.23,27.848,Pb,SFA-14,13586270
Pb_0393,129607,1601559,12.357,15.24,Pb,SFA-14,8601948
Pb_0398,112098,1017553,9.077,10.497,Pb,SFA-14,5509628
Pb_0399,146206,2198972,15.04,19.837,Pb,SFA-14,11215196
Pb_0400,119664,2134980,17.841,22.121,Pb,SFA-14,10277507
Pb_0401,120471,1232979,10.235,12.137,Pb,SFA-14,6735819
Pb_0443,119260,2170798,18.202,22.75,Pb,SFA-14,10876774
Pb_0444,134867,1355033,10.047,12.488,Pb,SFA-14,7190043
Pb_0446,122669,1464987,11.943,14.386,Pb,SFA-14,8007803
Pb_0447,120945,1581477,13.076,15.629,Pb,SFA-14,8442156
Pb_0449,123135,1132070,9.194,11.01,Pb,SFA-14,6441301
Pb_0450,129152,2940067,22.764,28.297,Pb,SFA-14,15219276
Pb_0451,148114,2061673,13.92,18.695,Pb,SFA-14,10622330
Pb_0454,119909,1388630,11.581,13.696,Pb,SFA-14,7623263
Pb_0456,117575,2259064,19.214,24.252,Pb,SFA-14,11482301
Pb_0457,115078,1767549,15.36,18.831,Pb,SFA-14,8627305
Pb_0458,114838,1671772,14.558,17.933,Pb,SFA-14,8624533
Pb_0459,128741,2118060,16.452,21.378,Pb,SFA-14,10506819
Pb_0460,130266,1876493,14.405,17.68,Pb,SFA-14,10308170
Pb_0463,133263,3030497,22.741,28.605,Pb,SFA-14,15834949
Pb_0464,146689,2563448,17.475,23.084,Pb,SFA-14,13255618
Pb_0465,144291,2914978,20.202,26.516,Pb,SFA-14,15861146
Pb_0466,105159,1020567,9.705,11.499,Pb,SFA-14,5053853
Pb_0468,117491,1892301,16.106,20.071,Pb,SFA-14,9568909
Pb_0469,121608,1045882,8.6,10.279,Pb,SFA-14,5426005
Pb_0470,129336,1020802,7.893,9.76,Pb,SFA-14,5430669
Pb_0471,127498,2254117,17.68,21.632,Pb,SFA-14,11959456
Pb_0476,121086,1178151,9.73,11.617,Pb,SFA-14,6241341
Pb_0477,118216,1056377,8.936,10.62,Pb,SFA-14,5905572
Pb_0478,124513,2272064,18.248,22.24,Pb,SFA-14,11551899
Pb_0479,146184,2349622,16.073,21.326,Pb,SFA-14,12805955
Pb_0480,138143,1458017,10.554,13.337,Pb,SFA-14,7556734
Pb_0481,150450,2069508,13.755,18.853,Pb,SFA-14,11346683
Pb_0482,134887,3063145,22.709,30.865,Pb,SFA-14,16361368
Pb_0483,123483,2589560,20.971,26.907,Pb,SFA-14,13229906
Pb_0485,127016,2158734,16.996,20.874,Pb,SFA-14,11466606
Pb_0486,128281,1414601,11.027,13.578,Pb,SFA-14,7591592
Pb_0488,135141,2904871,21.495,27.155,Pb,SFA-14,15558464
Pb_0489,125454,1152372,9.186,11.13,Pb,SFA-14,6413446
Pb_0491,134858,1623854,12.041,15.2,Pb,SFA-14,8319812
Pb_0493,114459,1394808,12.186,14.574,Pb,SFA-7,6735013
Pb_0494,80226,1265815,15.778,19.139,Pb,SFA-7,6526239
Pb_0495,120296,1075177,8.938,10.619,Pb,SFA-7,5850227
Pb_0496,145570,2548167,17.505,22.932,Pb,SFA-7,12939816
Pb_0497,134411,1564557,11.64,14.507,Pb,SFA-7,8309932
Pb_0498,114650,1725341,15.049,18.361,Pb,SFA-7,8378617
Pb_0499,129841,3032764,23.358,30.927,Pb,SFA-7,16655162
Pb_0500,121162,1171233,9.667,11.551,Pb,SFA-7,6376043
Pb_0501,131379,2379517,18.112,22.475,Pb,SFA-7,12606378
Pb_0502,139997,2650677,18.934,26.41,Pb,SFA-7,14088833
Pb_0503,136290,1765849,12.957,16.534,Pb,SFA-7,8420634
Pb_0504,135553,2325344,17.155,21.647,Pb,SFA-7,12612800
Pb_0505,120441,1288648,10.699,12.667,Pb,SFA-7,7221182
Pb_0506,134599,2739757,20.355,25.649,Pb,SFA-7,14897817
Pb_0507,135048,1958682,14.504,18.273,Pb,SFA-7,10650083
Pb_0508,123315,1594105,12.927,15.465,Pb,SFA-7,8792704
Pb_0509,128938,1585386,12.296,15.113,Pb,SFA-7,9158604
Pb_0510,138497,2862105,20.665,26.082,Pb,SFA-7,15614184
Pb_0511,146867,1644382,11.196,14.627,Pb,SFA-7,8610469
Pb_0512,131957,1505186,11.407,14.234,Pb,SFA-7,7810797
Pb_0513,127848,2028097,15.863,21.024,Pb,SFA-7,10661672
Pb_0514,110188,1221476,11.085,13.268,Pb,SFA-7,6064164
Pb_0544,129310,1475199,11.408,13.96,Pb,SFA-7,8260805
Pb_0545,127508,2308311,18.103,22.217,Pb,SFA-7,12237310
Pb_0546,128895,1814038,14.074,18.67,Pb,SFA-7,9116734
Pb_0547,126499,1344882,10.632,12.837,Pb,SFA-7,7371863
Pb_0548,135426,3320555,24.519,30.564,Pb,SFA-7,17346585
Pb_0549,135296,2854869,21.101,26.782,Pb,SFA-7,15157574
Pb_0550,99384,853121,8.584,9.936,Pb,SFA-7,4337750
Pb_0551,130093,1308031,10.055,12.415,Pb,SFA-7,6922362
Pb_0552,117104,1237669,10.569,12.413,Pb,SFA-7,6803383
Pb_0553,129548,1189618,9.183,11.25,Pb,SFA-7,6277717
Pb_0554,135320,2388837,17.653,22.309,Pb,SFA-7,12528614
Pb_0555,120449,1945883,16.155,20.627,Pb,SFA-7,10425022
Pb_0556,136144,2709466,19.901,24.779,Pb,SFA-7,14564248
Pb_0558,123340,2308899,18.72,24.126,Pb,SFA-7,12396681
Pb_0559,108394,1766235,16.295,20.156,Pb,SFA-7,8572294
Pb_0560,80550,527030,6.543,7.616,Pb,SFA-7,2681072
Pb_0561,122499,1961325,16.011,20.098,Pb,SFA-7,9423298
Pb_0562,113716,783496,6.89,8.101,Pb,SFA-7,4346569
Pb_0563,129332,1689927,13.067,15.994,Pb,SFA-7,8957280
Pb_0564,120394,1201921,9.983,11.867,Pb,SFA-7,6260727
Pb_0565,142172,3017420,21.224,27.578,Pb,SFA-7,16812610
Pb_0566,131838,1755842,13.318,16.532,Pb,SFA-7,9347975
Pb_0567,146510,5009509,34.192,44.709,Pb,SFA-7,26990916
Pb_0568,104522,987156,9.444,11.022,Pb,SFA-7,4986144
Pb_0569,129035,2292568,17.767,21.661,Pb,SFA-7,12275680
Pb_0570,155074,2385975,15.386,20.743,Pb,SFA-7,12428192
Pb_0571,128919,1525540,11.833,14.504,Pb,SFA-7,8513826
Pb_0572,136963,1466779,10.709,13.419,Pb,SFA-7,7762288
Pb_0573,114777,1151837,10.035,11.77,Pb,SFA-7,5930314
Pb_0574,116588,967488,8.298,9.72,Pb,SFA-7,5164886
Pb_0576,126194,1931924,15.309,20.33,Pb,SFA-7,9866432
Pb_0578,96025,645214,6.719,7.606,Pb,SFA-7,3152359
Pb_0579,108451,1241749,11.45,13.63,Pb,SFA-7,6065675
Pb_0580,137497,2690206,19.566,25.213,Pb,SFA-7,14120717
Pb_0581,116623,1961743,16.821,20.761,Pb,SFA-7,9564199
Pb_0583,134360,1725772,12.844,15.984,Pb,SFA-7,9056537
Pb_0585,131655,1403575,10.661,13.24,Pb,SFA-7,7069162
Pb_0586,121319,1209473,9.969,11.953,Pb,SFA-7,6752494
Pb_0588,129231,1495716,11.574,14.131,Pb,SFA-7,7872118
Pb_0590,123468,1640435,13.286,15.825,Pb,SFA-7,8822032
Pb_0591,144464,2183858,15.117,19.777,Pb,SFA-7,11115669
Pb_0617,125508,1101287,8.775,10.697,Pb,SFA-7,5827882
Pb_0619,109706,705079,6.427,7.411,Pb,SFA-7,3788448
Pb_0620,112731,807096,7.159,8.356,Pb,SFA-7,4212696
Pb_0621,139417,2631972,18.878,24.418,Pb,SFA-7,13544673
Pb_0623,129778,709770,5.469,7.054,Pb,SFA-7,3859361
Pb_0624,135783,1959318,14.43,18.917,Pb,SFA-7,10166838
Pb_0626,122096,1735921,14.218,17.777,Pb,SFA-7,8662719
Pb_0627,146762,2443056,16.646,22.698,Pb,SFA-7,13064889
Pb_0628,106935,1050494,9.824,11.582,Pb,SFA-7,5382033
Pb_0629,127841,1293178,10.116,12.486,Pb,SFA-7,6768121
Pb_0630,126821,1556589,12.274,14.911,Pb,SFA-7,8122566
Pb_0633,136548,2197318,16.092,20.411,Pb,SFA-7,11447608
Pb_0634,118059,1399223,11.852,14.668,Pb,SFA-7,6876416
Pb_0637,135971,1310789,9.64,12.658,Pb,SFA-7,7297691
Pb_0639,140304,4281787,30.518,38.998,Pb,SFA-7,22116006
Pb_0640,143717,1405614,9.78,12.701,Pb,SFA-7,7437581
Pb_0642,117762,1442690,12.251,14.442,Pb,SFA-7,7697114
Pb_0643,114881,1305749,11.366,13.589,Pb,SFA-7,6321496
Pb_0644,127286,1396733,10.973,13.355,Pb,SFA-7,7266640
Pb_0645,132085,1543324,11.684,14.509,Pb,SFA-7,8419146
Pb_0646,126484,1588856,12.562,15.272,Pb,SFA-7,8216619
Pb_0647,125598,2367832,18.852,23.884,Pb,SFA-7,12022560
Pb_0648,125282,1301537,10.389,12.555,Pb,SFA-7,6881780
Pb_0649,117403,1757470,14.97,17.656,Pb,SFA-7,9151668
Pb_0650,135011,3203293,23.726,30.264,Pb,SFA-7,16845144
Pb_0652,118990,1626617,13.67,16.21,Pb,SFA-7,8480866
Pb_0653,109465,1020083,9.319,10.971,Pb,SFA-7,5032946
Pb_0655,130839,1354632,10.353,12.944,Pb,SFA-7,7357938
Pb_0656,119696,1695813,14.168,17.513,Pb,SFA-7,8454045
Pb_0658,132033,3302195,25.01,30.993,Pb,SFA-7,17016320
Pb_0660,124513,2544364,20.435,24.587,Pb,SFA-7,12621098
Pb_0661,120180,1109487,9.232,11.018,Pb,SFA-7,5865309
Pb_0662,116821,1787421,15.301,18.079,Pb,SFA-7,9246266
Pb_0663,133813,2521870,18.846,25.562,Pb,SFA-7,13366580
Pb_0664,134354,1967380,14.643,18.488,Pb,SFA-7,10618967
Pb_0667,119825,1725858,14.403,17.659,Pb,SFA-7,8353646
Pb_0668,132421,2879642,21.746,27.129,Pb,SFA-7,15217356
Pb_0693,132442,2955634,22.316,30.347,Pb,SFA-7,15721352
Pb_0694,138485,1834952,13.25,16.856,Pb,SFA-7,9674021
Pb_0695,141781,1782771,12.574,16.244,Pb,SFA-7,9004008
Pb_0696,117512,1011990,8.612,10.156,Pb,SFA-7,5414013
Pb_0697,140527,3256033,23.17,30.077,Pb,SFA-7,17630032
Pb_0698,129268,1343935,10.397,12.823,Pb,SFA-7,7463029
Pb_0699,110696,1059743,9.573,11.651,Pb,SFA-7,5693570
Pb_0701,135689,1451386,10.696,13.617,Pb,SFA-7,7951269
Pb_0702,112021,900035,8.035,9.308,Pb,SFA-7,4955337
Pb_0703,118705,1091174,9.192,10.883,Pb,SFA-7,6116287
Pb_0704,122294,2188375,17.894,22.573,Pb,SFA-7,11174160
Pb_0705,122267,1877906,15.359,19.085,Pb,SFA-7,9211553
Pb_0706,140494,2116708,15.066,19.343,Pb,SFA-7,11809668
Pb_0707,128652,2646067,20.568,25.091,Pb,SFA-7,13531594
Pb_0708,140925,1844664,13.09,17.24,Pb,SFA-7,10410270
Pb_0709,118844,852118,7.17,8.561,Pb,SFA-7,4300474
Pb_0710,105758,670593,6.341,7.281,Pb,SFA-7,3713444
Pb_0711,130196,1784980,13.71,16.849,Pb,SFA-7,9992211
Pb_0712,110397,1520822,13.776,16.811,Pb,SFA-7,8688835
Pb_0713,113583,1419900,12.501,15.148,Pb,SFA-7,7164333
Pb_0715,132681,2363135,17.811,22.109,Pb,SFA-7,13205225
Pb_0716,143661,1770333,12.323,16.02,Pb,SFA-7,8998037
Pb_0717,133078,1549756,11.645,14.386,Pb,SFA-7,8412526
Pb_0718,146880,2295321,15.627,20.575,Pb,SFA-7,11667669
Pb_0719,129722,1950542,15.036,18.457,Pb,SFA-7,11481180
Pb_0720,120706,1076157,8.916,10.67,Pb,SFA-7,5740441
Pb_0721,144137,3462614,24.023,31.151,Pb,SFA-7,18822254
Pb_0723,131921,2312902,17.532,21.836,Pb,SFA-7,12527942
Pb_0724,141340,2264937,16.025,20.663,Pb,SFA-7,12468957
Pb_0725,128952,2426460,18.817,23.167,Pb,SFA-7,13088803
Pb_0726,122782,2346376,19.11,24.311,Pb,SFA-7,11740411
Pb_0727,136929,1996216,14.578,18.44,Pb,SFA-7,11075845
Pb_0728,125043,2424162,19.387,24.774,Pb,SFA-7,12151351
Pb_0730,131188,2454540,18.71,23.216,Pb,SFA-7,13448661
Pb_0731,133221,3071280,23.054,30.281,Pb,SFA-7,15733996
Pb_0732,124222,1588032,12.784,15.316,Pb,SFA-7,8658788
Pb_0733,105915,910767,8.599,10.172,Pb,SFA-7,4800513
Pb_0734,135973,1616817,11.891,14.844,Pb,SFA-7,8947628
Pb_0735,96739,1894014,19.579,24.676,Pb,SFA-7,9547090
Pb_0736,110343,862641,7.818,9.041,Pb,SFA-7,4842514
Pb_0737,129339,1423505,11.006,13.584,Pb,SFA-7,7493136
Pb_0738,128076,1352720,10.562,12.906,Pb,SFA-7,7584839
Pb_0739,105293,715565,6.796,7.763,Pb,SFA-7,4034231
Pb_0772,118059,1018315,8.625,10.439,Pb,NAFO-3M,5135475
Pb_0773,122925,1374560,11.182,13.858,Pb,NAFO-3M,6686604
Pb_0774,117497,1546959,13.166,15.982,Pb,NAFO-3M,7653469
Pb_0775,122584,1582268,12.908,15.884,Pb,NAFO-3M,7963581
Pb_0776,141459,2620281,18.523,25.422,Pb,NAFO-3M,12867920
Pb_0777,136986,1520880,11.102,14.33,Pb,NAFO-3M,8187330
Pb_0778,139733,2355373,16.856,24.292,Pb,NAFO-3M,13412694
Pb_0779,136512,1981663,14.516,18.146,Pb,NAFO-3M,10571623
Pb_0780,127544,1391194,10.908,13.448,Pb,NAFO-3M,7427184
Pb_0781,129368,1450867,11.215,13.975,Pb,NAFO-3M,7922948
Pb_0783,131000,1144795,8.739,10.796,Pb,NAFO-3M,6041984
Pb_0784,119856,1355875,11.313,13.518,Pb,NAFO-3M,7224899
Pb_0785,125498,1426583,11.367,13.923,Pb,NAFO-3M,7500597
Pb_0786,98454,544965,5.535,6.345,Pb,NAFO-3M,2965635
Pb_0787,114217,862011,7.547,9.02,Pb,NAFO-3M,4423503
Pb_0789,119916,917027,7.647,9.234,Pb,NAFO-3M,4802748
Pb_0790,130364,1742624,13.367,16.452,Pb,NAFO-3M,9663474
Pb_0791,118443,1569398,13.25,16.077,Pb,NAFO-3M,7813652
Pb_0792,133869,1549103,11.572,14.734,Pb,NAFO-3M,8358600
Pb_0793,97447,458338,4.703,5.35,Pb,NAFO-3M,2466436
Pb_0794,118728,860347,7.246,8.569,Pb,NAFO-3M,4651707
Pb_0795,134445,1704519,12.678,16.146,Pb,NAFO-3M,8740133
Pb_0796,120328,1316785,10.943,13.633,Pb,NAFO-3M,6599405
Pb_0797,116136,891149,7.673,9.01,Pb,NAFO-3M,4848473
Pb_0798,128333,1783217,13.895,16.999,Pb,NAFO-3M,9464591
Pb_0799,119424,1546421,12.949,15.292,Pb,NAFO-3M,7977349
Pb_0800,121798,946444,7.771,9.319,Pb,NAFO-3M,5051111
Pb_0802,126104,1514472,12.01,15.106,Pb,NAFO-3M,7663448
Pb_0803,116346,2003588,17.221,20.882,Pb,NAFO-3M,9808171
Pb_0805,124960,1482249,11.862,14.308,Pb,NAFO-3M,7685713
Pb_0806,116312,1835591,15.782,19.389,Pb,NAFO-3M,9071423
Pb_0808,126993,2576595,20.289,26.311,Pb,NAFO-3M,12882755
Pb_0810,135844,2084945,15.348,19.509,Pb,NAFO-3M,10767475
Pb_0812,140877,2486758,17.652,22.995,Pb,NAFO-3M,12642929
Pb_0813,141145,1729223,12.251,16.448,Pb,NAFO-3M,9216912
Pb_0814,131673,2545498,19.332,25.484,Pb,NAFO-3M,12417871
Pb_0815,130297,1659657,12.737,15.713,Pb,NAFO-3M,8655297
Pb_0816,125224,3130491,24.999,31.945,Pb,NAFO-3M,15234409
Pb_0817,131562,1736317,13.198,16.586,Pb,NAFO-3M,9123920
Pb_0818,137527,2044722,14.868,18.744,Pb,NAFO-3M,10626908
Pb_0819,112031,857963,7.658,8.938,Pb,NAFO-3M,4580474
Pb_0837,115343,1292886,11.209,13.585,Pb,NAFO-3M,6471376
Pb_0838,120171,1173486,9.765,11.715,Pb,NAFO-3M,6304097
Pb_0839,112158,961464,8.572,10.175,Pb,NAFO-3M,4830780
Pb_0840,132416,2177678,16.446,20.384,Pb,NAFO-3M,11394410
Pb_0841,130855,1861106,14.223,17.675,Pb,NAFO-3M,9830930
Pb_0842,135537,2463354,18.175,22.693,Pb,NAFO-3M,13642303
Pb_0843,136590,1600745,11.719,14.788,Pb,NAFO-3M,8536956
Pb_0844,139378,3077036,22.077,28.236,Pb,NAFO-3M,15984281
Pb_0845,120531,1238612,10.276,12.199,Pb,NAFO-3M,6495970
Pb_0846,133304,1890839,14.184,17.892,Pb,NAFO-3M,10125196
Pb_0847,126655,2195802,17.337,22.262,Pb,NAFO-3M,11031410
Pb_0849,142281,2630776,18.49,23.844,Pb,NAFO-3M,13516978
Pb_0850,133957,3077611,22.975,28.946,Pb,NAFO-3M,16590177
Pb_0851,129789,2090557,16.107,20.185,Pb,NAFO-3M,11034525
Pb_0852,137272,1671387,12.176,15.321,Pb,NAFO-3M,8980632
Pb_0853,128420,1284948,10.006,12.181,Pb,NAFO-3M,6872923
Pb_0854,133755,1361978,10.183,12.678,Pb,NAFO-3M,7518749
Pb_0855,143982,2850778,19.8,25.628,Pb,NAFO-3M,15317524
Pb_0856,135652,1670639,12.316,15.518,Pb,NAFO-3M,8806866
Pb_0858,136145,2238716,16.444,21.231,Pb,NAFO-3M,11824684
Pb_0859,118996,1207714,10.149,12.041,Pb,NAFO-3M,6245684
Pb_0860,120258,1029726,8.563,10.188,Pb,NAFO-3M,5443643
Pb_0861,114687,1209269,10.544,12.517,Pb,NAFO-3M,6105316
Pb_0862,128732,1503564,11.68,14.294,Pb,NAFO-3M,7814350
Pb_0863,128982,1354753,10.503,12.891,Pb,NAFO-3M,7422610
Pb_0864,122386,899031,7.346,8.816,Pb,NAFO-3M,4854093
Pb_0865,126697,1814201,14.319,17.354,Pb,NAFO-3M,9750839
Pb_0866,153874,4002939,26.014,36.196,Pb,NAFO-3M,20098602
Pb_0867,115571,844397,7.306,8.672,Pb,NAFO-3M,4787855
Pb_0867_replica,115422,1218811,10.56,12.678,Pb,NAFO-3M,6209765
Pb_0868,131423,1646823,12.531,15.599,Pb,NAFO-3M,8917727
Pb_0869,131886,1752412,13.287,16.646,Pb,NAFO-3M,9471900
Pb_0870,129529,1481735,11.439,13.996,Pb,NAFO-3M,7692396
Pb_0871,124891,2977684,23.842,29.967,Pb,NAFO-3M,14675813
Pb_0872,126065,1266216,10.044,12.173,Pb,NAFO-3M,6633330
Pb_0873,120551,1049083,8.702,10.329,Pb,NAFO-3M,5600800
Pb_0874,136328,1857899,13.628,17.685,Pb,NAFO-3M,9789385
Pb_0875,98132,481358,4.905,5.518,Pb,NAFO-3M,2518048
Pb_0876,159068,2664679,16.752,23.924,Pb,NAFO-3M,14086701
Pb_0877,139022,2634922,18.953,26.349,Pb,NAFO-3M,13815376
Pb_0878,113932,1027506,9.019,10.877,Pb,NAFO-3M,5102688
Pb_0879,65735,178862,2.721,2.97,Pb,NAFO-3M,1019845
Pb_0881,137024,1166726,8.515,10.933,Pb,NAFO-3M,6132844
Pb_0882,50646,192747,3.806,4.067,Pb,NAFO-3M,991959
Pb_0883,120689,1706680,14.141,17.685,Pb,NAFO-3M,8531355
Pb_0884,113553,1354456,11.928,14.367,Pb,NAFO-3M,6867703
Pb_0885,126144,1243049,9.854,12.111,Pb,NAFO-3M,6642026
Pb_0886,149755,3232386,21.584,28.969,Pb,NAFO-3M,17057209
Pb_0887,118070,1509523,12.785,15.623,Pb,NAFO-3M,7934191
Pb_0888,129220,2227394,17.237,21.119,Pb,NAFO-3M,11406975
Pb_0889,154652,3633413,23.494,32.879,Pb,NAFO-3M,18309741
Pb_0890,156532,1917596,12.251,17.241,Pb,NAFO-3M,10337551
Pb_0891,126882,3001503,23.656,30.379,Pb,NAFO-3M,14954031
Pb_0892,133794,1373073,10.263,12.999,Pb,NAFO-3M,7545141
Pb_0893,146163,1954171,13.37,18.12,Pb,NAFO-3M,10743100
Pb_0894,146965,3980058,27.082,35.467,Pb,NAFO-3M,21644739
Pb_0895,143111,1661930,11.613,15.073,Pb,NAFO-3M,8877410
Pb_0896,139581,2353451,16.861,21.433,Pb,NAFO-3M,12217770
Pb_0897,138108,1811102,13.114,16.608,Pb,NAFO-3M,9884000
Pb_0898,104052,775520,7.453,8.631,Pb,NAFO-3M,3918562
Pb_0899,128029,1269890,9.919,12.07,Pb,NAFO-3M,6848900
Pb_0900,123643,1146080,9.269,11.125,Pb,NAFO-3M,6311110
Pb_0901,155195,3668695,23.639,32.691,Pb,NAFO-3M,19819831
Pb_0902,125035,1377454,11.017,13.312,Pb,NAFO-3M,7302781
Pb_0903,132155,1877258,14.205,17.616,Pb,NAFO-3M,10336470
Pb_0904,125013,1112821,8.902,10.802,Pb,NAFO-3M,6214235
Pb_0905,111714,1521510,13.62,16.152,Pb,NAFO-3M,7451740
Pb_0906,129475,2962074,22.878,28.937,Pb,NAFO-3M,14314544
Pb_0907,129756,1183995,9.125,11.342,Pb,NAFO-3M,6523263
Pb_0908,139394,2036025,14.606,18.532,Pb,NAFO-3M,10771914
Pb_0910,118488,1012567,8.546,10.079,Pb,NAFO-3M,5298732
Pb_0911,130568,1407774,10.782,13.416,Pb,NAFO-3M,7706760
Pb_0911_replica,108570,941674,8.673,10.196,Pb,NAFO-3M,4761553
Pb_0912,117115,1386015,11.835,14.259,Pb,NAFO-3M,7047046
Pb_0913,134534,1709991,12.71,16.265,Pb,NAFO-3M,9023926
Pb_0921,60170,270036,4.488,4.842,Pb,NAFO-3M,1452108
Pb_0922,115256,1060960,9.205,10.849,Pb,NAFO-3M,5590962
Pb_0923,143283,2117794,14.78,19.599,Pb,NAFO-3M,10766253
Pb_0951,141309,1587420,11.234,14.798,Pb,SFA-13,8577769
Pb_0952,129699,1219616,9.403,11.623,Pb,SFA-13,7029553
Pb_0954,123478,1671250,13.535,16.771,Pb,SFA-13,8463140
Pb_0955,132088,1678392,12.707,15.701,Pb,SFA-13,8792885
Pb_0956,125967,1008876,8.009,9.673,Pb,SFA-13,5363349
Pb_0959,134119,1405987,10.483,13.019,Pb,SFA-13,7395081
Pb_0960,121008,1701173,14.058,18.207,Pb,SFA-13,9477790
Pb_0966,100548,590349,5.871,6.648,Pb,SFA-13,3406456
Pb_0967,123612,1046502,8.466,10.207,Pb,SFA-13,5628509
Pb_0968,114855,1643577,14.31,17.872,Pb,SFA-13,9129921
Pb_0971,138487,1791720,12.938,16.423,Pb,SFA-13,9967803
Pb_0972,114652,1083268,9.448,11.308,Pb,SFA-13,5574608
Pb_0973,129761,1613308,12.433,15.146,Pb,SFA-13,8450384
Pb_0975,108437,570635,5.262,6.109,Pb,SFA-13,3135324
Pb_0976,126079,1364022,10.819,13.078,Pb,SFA-13,7400017
Pb_0980,133836,1483638,11.085,14.131,Pb,SFA-13,7841531
Pb_0981,133073,1536124,11.543,14.284,Pb,SFA-13,8263940
Pb_0984,127370,1930373,15.156,19.052,Pb,SFA-13,9412326
Pb_0985,130704,1564743,11.972,14.837,Pb,SFA-13,8173395
Pb_0986,134471,1630691,12.127,15.157,Pb,SFA-13,8659482
Pb_0987,156437,2728542,17.442,24.247,Pb,SFA-13,15085998
Pb_0988,110691,1016367,9.182,10.6,Pb,SFA-13,5514011
Pb_0989,115602,1373784,11.884,14.205,Pb,SFA-13,6943242
Pb_0991,134995,2075813,15.377,19.276,Pb,SFA-13,11700768
Pb_0992,142995,2420004,16.924,22.257,Pb,SFA-13,13039600
Pb_0993,127793,1548486,12.117,15.001,Pb,SFA-13,8399252
Pb_0994,124354,1269212,10.206,12.364,Pb,SFA-13,7280975
Pb_0995,124643,2309068,18.525,23.539,Pb,SFA-13,11620636
Pb_0996,145034,2494299,17.198,22.886,Pb,SFA-13,13588485
Pb_0997,141461,2262451,15.993,20.774,Pb,SFA-13,11669345
Pb_1022,137829,3033256,22.007,27.843,Pb,SFA-15,16053208
Pb_1023,134384,1979355,14.729,18.41,Pb,SFA-15,10583772
Pb_1024,124992,1342263,10.739,13.053,Pb,SFA-15,7335723
Pb_1025,131709,1808841,13.734,16.932,Pb,SFA-15,9337043
Pb_1026,141402,2628339,18.588,24.199,Pb,SFA-15,13706632
Pb_1027,123471,1950434,15.797,20.632,Pb,SFA-15,10836135
Pb_1028,117233,780848,6.661,7.849,Pb,SFA-15,4314235
Pb_1029,111137,1088564,9.795,11.612,Pb,SFA-15,5303716
Pb_1030,140990,2473572,17.544,22.701,Pb,SFA-15,13052719
Pb_1031,120999,1052223,8.696,10.375,Pb,SFA-15,5653092
Pb_1032,111720,865231,7.745,9.249,Pb,SFA-15,4421082
Pb_1033,125292,1198332,9.564,11.552,Pb,SFA-15,6642903
Pb_1034,139160,1534959,11.03,14.015,Pb,SFA-15,8397209
Pb_1035,126104,1199544,9.512,11.654,Pb,SFA-15,6264630
Pb_1036,146020,2896202,19.834,25.794,Pb,SFA-15,15540896
Pb_1037,107936,798277,7.396,8.642,Pb,SFA-15,4073499
Pb_1038,118988,2342172,19.684,24.99,Pb,SFA-15,12308486
Pb_1039,127790,1385340,10.841,13.297,Pb,SFA-15,7464515
Pb_1040,133060,1408233,10.583,13.384,Pb,SFA-15,7870116
Pb_1041,124188,2637689,21.239,26.625,Pb,SFA-15,12992172
Pb_1042,111466,779256,6.991,8.113,Pb,SFA-15,4239438
Pb_1043,122566,1307537,10.668,12.939,Pb,SFA-15,7290165
Pb_1044,135567,1893009,13.964,17.875,Pb,SFA-15,10168580
Pb_1045,112665,1134369,10.069,11.977,Pb,SFA-15,5481765
Pb_1046,144558,2625029,18.159,23.689,Pb,SFA-15,13834685
Pb_1047,135087,1996750,14.781,18.85,Pb,SFA-15,10225738
Pb_1048,133052,1426639,10.722,13.426,Pb,SFA-15,7580555
Pb_1049,128977,1287388,9.982,12.481,Pb,SFA-15,6949394
Pb_1050,113498,1092725,9.628,11.469,Pb,SFA-15,5578067
Pb_1051,124731,1250810,10.028,12.147,Pb,SFA-15,6848150
Pb_1053,129687,1444413,11.138,13.815,Pb,SFA-9,7730050
Pb_1054,83932,469613,5.595,6.285,Pb,SFA-9,2622094
Pb_1056,124707,969028,7.77,9.667,Pb,SFA-9,5230654
Pb_1057,118999,851309,7.154,8.519,Pb,SFA-9,4690215
Pb_1058,87526,396108,4.526,5.117,Pb,SFA-9,2192233
Pb_1059,84456,479925,5.683,6.437,Pb,SFA-9,2624213
Pb_1060,114759,1175958,10.247,12.659,Pb,SFA-9,5963427
Pb_1061,94395,562376,5.958,6.782,Pb,SFA-9,3354227
Pb_1062,59963,206350,3.441,3.708,Pb,SFA-9,990735
Pb_1063,154655,1579563,10.213,14.535,Pb,SFA-9,8690637
Pb_1064,125118,889502,7.109,8.681,Pb,SFA-9,4843089
Pb_1065,134310,1174780,8.747,10.984,Pb,SFA-9,6371907
Pb_1066,136147,1394819,10.245,13.137,Pb,SFA-9,7914210
Pb_1067,131969,1018655,7.719,9.579,Pb,SFA-9,5824597
Pb_1068,105549,611306,5.792,6.795,Pb,SFA-9,3527084
Pb_1074,72131,312123,4.327,4.78,Pb,SFA-9,1509482
Pb_1075,124930,1238328,9.912,12.503,Pb,SFA-9,6340714
Pb_1077,130745,1037194,7.933,9.921,Pb,SFA-9,6058576
Pb_1078,133739,1284385,9.604,12.291,Pb,SFA-9,6815441
Pb_1079,114768,840939,7.327,9.027,Pb,SFA-9,4307644
Pb_1080,146964,1294475,8.808,12.001,Pb,SFA-9,6715215
Pb_1081,87422,355613,4.068,4.598,Pb,SFA-9,1920235
Pb_1082,127610,943956,7.397,9.063,Pb,SFA-9,5312768
Pb_1083,95911,473944,4.941,5.696,Pb,SFA-9,2848171
Pb_1084,131616,1175800,8.934,11.537,Pb,SFA-9,6469809
Pb_1085,91021,566058,6.219,7.084,Pb,SFA-9,2813257
Pb_1086,124914,1304850,10.446,12.834,Pb,SFA-9,7269249
Pb_1087,122275,1031959,8.44,10.173,Pb,SFA-9,5564774
Pb_1088,61222,215266,3.516,3.874,Pb,SFA-9,1253408
Pb_1089,113899,866278,7.606,9.141,Pb,SFA-9,5073771
Pb_1089_replica,23286,59620,2.56,2.66,Pb,SFA-9,338398
Pb_1090,124025,978455,7.889,9.768,Pb,SFA-9,5457771
Pb_1091,138794,1214875,8.753,11.533,Pb,SFA-12,6456747
Pb_1092,106781,552371,5.173,6.106,Pb,SFA-12,3233510
Pb_1093,137718,1646655,11.957,15.042,Pb,SFA-12,8864745
Pb_1094,46013,160574,3.49,3.739,Pb,SFA-12,919004
Pb_1095,141284,1433334,10.145,13.365,Pb,SFA-12,7751551
Pb_1096,130180,1089862,8.372,10.627,Pb,SFA-12,5937723
Pb_1097,122700,642381,5.235,6.536,Pb,SFA-12,3743858
Pb_1098,93186,424443,4.555,5.325,Pb,SFA-12,2375535
Pb_1099,108642,596697,5.492,6.608,Pb,SFA-12,3415996
Pb_1100,104709,906462,8.657,10.054,Pb,SFA-12,4583068
Pb_1101,94501,431263,4.564,5.3,Pb,SFA-12,2457733
Pb_1102,101945,672877,6.6,7.772,Pb,SFA-12,3374663
Pb_1103,139305,1928901,13.847,18.133,Pb,SFA-12,10142603
Pb_1104,135096,1610766,11.923,15.117,Pb,SFA-12,8658768
Pb_1105,120877,1282522,10.61,13.184,Pb,SFA-12,6321831
Pb_1106,105083,783290,7.454,8.757,Pb,SFA-12,3949948
Pb_1107,122245,1068268,8.739,10.992,Pb,SFA-12,5780575
Pb_1108,78933,241015,3.053,3.438,Pb,SFA-12,1415164
Pb_1109,126186,1680964,13.321,16.608,Pb,SFA-12,8316028
Pb_1110,134773,910156,6.753,8.704,Pb,SFA-12,5195307
Pb_1111,113463,623418,5.494,6.536,Pb,SFA-12,3487552
Pb_1112,130536,971419,7.442,9.417,Pb,SFA-12,5444671
Pb_1113,155005,1536605,9.913,13.744,Pb,SFA-12,8165666
Pb_1114,36030,114626,3.181,3.388,Pb,SFA-12,789839
Pb_1115,58790,171624,2.919,3.203,Pb,SFA-12,1075836
Pb_1116,143192,1918419,13.398,17.337,Pb,SFA-12,10595150
Pb_1117,144841,1832792,12.654,16.587,Pb,SFA-12,10205530
Pb_1118,152429,1335242,8.76,12.474,Pb,SFA-12,7767458
Pb_1119,144979,1534199,10.582,14.071,Pb,SFA-12,8448587
Pb_1120,124496,913738,7.339,9.048,Pb,SFA-12,5440897
Pb_1121,155097,2637572,17.006,23.429,Pb,SFA-12,14102071
Pb_1122,152851,1417030,9.271,13.089,Pb,SFA-12,8027883
Pb_1122_replica,139890,1162447,8.31,10.854,Pb,SFA-12,6424925
Pb_1123,136411,1460418,10.706,13.479,Pb,SFA-10,7866065
Pb_1124,116505,1633347,14.02,16.941,Pb,SFA-10,8124887
Pb_1125,120023,1622426,13.518,16.475,Pb,SFA-10,8316296
Pb_1126,129592,1236682,9.543,11.763,Pb,SFA-10,6602745
Pb_1127,145847,2003686,13.738,18.109,Pb,SFA-10,10814686
Pb_1128,122043,1253329,10.27,12.387,Pb,SFA-10,6780800
Pb_1129,117090,696016,5.944,7.083,Pb,SFA-10,3842278
Pb_1130,128932,1572498,12.196,15.06,Pb,SFA-10,8301511
Pb_1131,120371,1566583,13.015,16.353,Pb,SFA-10,7806263
Pb_1132,127235,837524,6.582,8.083,Pb,SFA-10,4565441
Pb_1133,142462,2200450,15.446,20.09,Pb,SFA-10,11652252
Pb_1134,128399,1217221,9.48,11.781,Pb,SFA-10,6730909
Pb_1135,133218,1545449,11.601,14.513,Pb,SFA-10,8455004
Pb_1136,120956,1837666,15.193,19.437,Pb,SFA-10,9998066
Pb_1137,121991,920917,7.549,9.322,Pb,SFA-10,5169314
Pb_1138,138149,1613002,11.676,14.848,Pb,SFA-10,8575119
Pb_1139,118898,1421756,11.958,14.48,Pb,SFA-10,7300431
Pb_1140,123255,1545961,12.543,15.52,Pb,SFA-10,7853142
Pb_1141,128338,1117131,8.705,10.799,Pb,SFA-10,5888018
Pb_1142,109927,785413,7.145,8.469,Pb,SFA-10,4036389
Pb_1143,125173,1024552,8.185,9.899,Pb,SFA-10,5511909
Pb_1144,110304,910245,8.252,9.71,Pb,SFA-10,5064308
Pb_1145,110842,1291942,11.656,13.779,Pb,SFA-10,6336041
Pb_1146,123970,1571682,12.678,16.831,Pb,SFA-10,8664862
Pb_1148,97346,559558,5.748,6.579,Pb,SFA-10,2935610
Pb_1149,129962,1041791,8.016,9.895,Pb,SFA-10,5550610
Pb_1150,122190,940582,7.698,9.193,Pb,SFA-10,5161146
Pb_1151,132964,1627180,12.238,15.339,Pb,SFA-10,8501762
Pb_1152,122490,896056,7.315,8.869,Pb,SFA-10,4758727
Pb_1153,150343,2423826,16.122,21.86,Pb,SFA-10,13213786
Pb_1154,147900,2228334,15.066,20.545,Pb,SFA-10,12015991
Pb_1155,127219,1156797,9.093,11.338,Pb,SFA-10,6293044
Pb_1156,112535,708964,6.3,7.345,Pb,SFA-10,3819211
Pb_1157,132764,1129794,8.51,10.642,Pb,SFA-10,6039430
Pb_1158,141572,1382021,9.762,12.777,Pb,SFA-10,7406559
Pb_1159,121650,1210477,9.95,11.944,Pb,SFA-10,6659542
Pb_1160,146630,1501912,10.243,13.601,Pb,SFA-10,8281346
Pb_1161,109885,703053,6.398,7.555,Pb,SFA-10,4092330
Pb_1162,83687,483169,5.774,6.516,Pb,SFA-10,2524898
Pb_1163,76437,349794,4.576,5.048,Pb,SFA-10,1863112
Pb_1164,103517,933958,9.022,10.454,Pb,SFA-10,4752790
Pb_1165,118852,1743747,14.672,17.939,Pb,SFA-10,9016493
Pb_1166,118241,807521,6.829,8.179,Pb,SFA-10,4317816
Pb_1167,43362,100155,2.31,2.449,Pb,SFA-10,531691
Pb_1168,85143,316548,3.718,4.202,Pb,SFA-10,1666954
Pb_1169,118200,1484829,12.562,15.526,Pb,SFA-10,7661376
Pb_1170,113469,1047407,9.231,11.269,Pb,SFA-10,5041076
Pb_1171,45142,118024,2.615,2.793,Pb,SFA-10,604643
Pb_1172,110119,655947,5.957,7.035,Pb,SFA-10,3434768
Pb_1173,105935,668741,6.313,7.481,Pb,SFA-10,3494863
Pb_1174,126820,1202958,9.486,11.619,Pb,SFA-10,6450178
Pb_1175,153020,2106352,13.765,18.759,Pb,SFA-10,11513961
Pb_1176,125991,2517458,19.981,26.369,Pb,SFA-10,13232524
Pb_1177,142354,1582415,11.116,14.692,Pb,SFA-10,8577423
Pb_1178,104147,574605,5.517,6.556,Pb,SFA-10,3233001
Pb_1179,104824,625068,5.963,6.917,Pb,SFA-10,3268420
Pb_1180,70848,290544,4.101,4.506,Pb,SFA-10,1421636
Pb_1181,135234,1339053,9.902,12.581,Pb,SFA-10,6910176
Pb_1182,124276,1186771,9.549,11.517,Pb,SFA-10,6476557
Pb_1183,51184,145325,2.839,3.051,Pb,SFA-10,759674
Pb_1184,160896,1894585,11.775,16.433,Pb,SFA-10,10076742
Pb_1185,132557,1491326,11.25,14.24,Pb,SFA-10,8506577
Pb_1186,114207,867981,7.6,9.251,Pb,SFA-10,4414453
Pb_1187,130474,1312522,10.06,12.602,Pb,SFA-8,7228153
Pb_1188,110363,902700,8.179,9.594,Pb,SFA-8,5154420
Pb_1189,123247,1183166,9.6,11.641,Pb,SFA-8,6769178
Pb_1190,132952,1593805,11.988,14.915,Pb,SFA-8,8748599
Pb_1191,169159,3915500,23.147,34.369,Pb,SFA-8,20685453
Pb_1191_replica,96542,652294,6.757,7.708,Pb,SFA-8,3299720
Pb_1192,132871,1670277,12.571,15.761,Pb,SFA-8,9137464
Pb_1193,120539,985916,8.179,9.929,Pb,SFA-8,5412920
Pb_1194,137062,1310162,9.559,12.347,Pb,SFA-8,7090331
Pb_1195,119710,1832057,15.304,19.016,Pb,SFA-8,9083513
Pb_1196,121158,897733,7.41,9.062,Pb,SFA-8,4827937
Pb_1197,128315,1168630,9.108,11.41,Pb,SFA-8,6513810
Pb_1198,84060,373000,4.437,4.959,Pb,SFA-8,2218300
Pb_1199,107633,721465,6.703,7.809,Pb,SFA-8,4165448
Pb_1200,126188,930881,7.377,9.099,Pb,SFA-8,5117768
Pb_1201,108898,1096016,10.065,12.34,Pb,SFA-8,6379937
Pb_1202,81078,317126,3.911,4.334,Pb,SFA-8,1879930
Pb_1203,101468,538284,5.305,6.081,Pb,SFA-8,2892030
Pb_1204,136850,1454357,10.627,13.775,Pb,SFA-8,7996161
Pb_1205,142655,1839148,12.892,16.743,Pb,SFA-8,9876904
Pb_1206,37008,113491,3.067,3.238,Pb,SFA-8,695502
Pb_1206_replica,65141,199165,3.057,3.367,Pb,SFA-8,1387217
Pb_1207,109756,1173857,10.695,12.607,Pb,SFA-8,6020078
Pb_1207_replica,138285,1712216,12.382,15.92,Pb,SFA-8,9430859
Pb_1208,140135,1777555,12.685,16.716,Pb,SFA-8,9825399
Pb_1210,132887,1509925,11.362,14.29,Pb,SFA-8,8315732
Pb_1211,137800,4361034,31.648,42.815,Pb,SFA-8,21941686
Pb_1212,137606,1689418,12.277,15.657,Pb,SFA-8,8897788
Pb_1213,77628,348441,4.489,5.035,Pb,SFA-8,1826368
Pb_1214,99380,430586,4.333,5.005,Pb,SFA-8,2515928
Pb_1215,123370,1058066,8.576,10.474,Pb,SFA-8,5918703
Pb_1216,122958,1080102,8.784,11.018,Pb,SFA-8,5863925
Pb_1217,130900,1117189,8.535,10.61,Pb,SFA-8,6269817
Pb_1218,110819,1210138,10.92,13.538,Pb,SFA-8,6893169
Pb_1219,111362,661853,5.943,6.967,Pb,SFA-8,3716485
Pb_1220,136092,1614900,11.866,15.136,Pb,SFA-8,8583934
Pb_1221,135218,1573865,11.639,14.636,Pb,SFA-8,8603522
Pb_1222,126834,922709,7.275,8.9,Pb,SFA-8,5163146
Pb_1223,177866,4898439,27.54,41.565,Pb,SFA-8,26004028
Pb_1224,138298,2197896,15.892,20.499,Pb,SFA-8,12442369
Pb_1225,122544,1499984,12.24,15.075,Pb,SFA-8,7564347
Pb_1226,123948,1216523,9.815,11.933,Pb,SFA-8,6654599
Pb_1227,152120,2555992,16.802,25.308,Pb,SFA-8,14861976
Pb_1228,141971,2264509,15.951,20.901,Pb,SFA-8,11883121
Pb_1229,109908,942600,8.576,10.397,Pb,SFA-8,4615606
Pb_1230,142712,2720279,19.061,27.279,Pb,SFA-8,15433328
Pb_1230_replica,107711,693282,6.437,7.548,Pb,SFA-8,3985774
Pb_1231,97882,558288,5.704,6.588,Pb,SFA-8,3069023
Pb_1232,112471,695500,6.184,7.334,Pb,SFA-8,3729764
Pb_1233,128918,1224968,9.502,11.731,Pb,SFA-8,6584369
Pb_1234,121900,857863,7.037,8.548,Pb,SFA-8,4810605
Pb_1234_replica,119468,1009539,8.45,10.135,Pb,SFA-8,6056244
Pb_1235,147304,2620571,17.79,26.548,Pb,SFA-8,14458098
Pb_1236,124736,825039,6.614,8.151,Pb,SFA-8,4411715
Pb_1237,126637,906456,7.158,8.773,Pb,SFA-8,5019623
Pb_1238,104944,509408,4.854,5.642,Pb,SFA-8,2930793
Pb_1239,148012,1811572,12.239,16.239,Pb,SFA-8,9409754
Pb_1240,133071,1351097,10.153,12.724,Pb,SFA-8,7327514
Pb_1241,126461,891539,7.05,8.891,Pb,SFA-8,4702771
Pb_1242,133351,1048708,7.864,10.075,Pb,SFA-8,5636353
Pb_1243,142381,1726008,12.122,15.732,Pb,SFA-8,9612959
Pb_1244,140925,990122,7.026,9.44,Pb,SFA-8,5236071
Pb_1245,129736,1228430,9.469,12.033,Pb,SFA-8,6958685
Pb_1246,130660,1078488,8.254,10.663,Pb,SFA-8,5651175
Pb_1247,118269,693412,5.863,7.164,Pb,SFA-8,3999288
Pb_1248,129671,993678,7.663,9.587,Pb,SFA-8,5514861
Pb_1249,143873,1155841,8.034,10.745,Pb,SFA-8,6408240
Pb_1251,117147,758716,6.477,8.027,Pb,SFA-9,4045858
Pb_1252,142985,1432239,10.017,13.03,Pb,SFA-9,7817433
Pb_1253,137116,1245818,9.086,11.706,Pb,SFA-9,6765369
Pb_1254,126834,845410,6.665,8.363,Pb,SFA-9,4674444
Pb_1255,115793,1158525,10.005,12.446,Pb,SFA-9,6048180
Pb_1256,151863,1276218,8.404,11.529,Pb,SFA-9,7475918
Pb_1257,79021,357472,4.524,5.043,Pb,SFA-9,1980143
Pb_1258,128552,1139949,8.868,11.04,Pb,SFA-9,6257470
Pb_1259,130767,908211,6.945,8.761,Pb,SFA-9,5322179
Pb_1260,117825,1241643,10.538,13.201,Pb,SFA-9,6407335
Pb_1261,154621,2361693,15.274,21.205,Pb,SFA-9,12713946
Pb_1262,125962,1003138,7.964,9.842,Pb,SFA-9,5537947
Pb_1263,131579,1310593,9.961,12.314,Pb,SFA-9,7026907
Pb_1264,99605,488332,4.903,5.608,Pb,SFA-9,2697297
Pb_1265,137037,1338783,9.77,12.861,Pb,SFA-9,7378154
Pb_1266,138495,1504801,10.865,13.944,Pb,SFA-9,8109259
Pb_1267,114609,567751,4.954,5.962,Pb,SFA-9,3298620
Pb_1268,114254,954256,8.352,9.926,Pb,SFA-9,5527213
Pb_1269,145656,1884932,12.941,17.106,Pb,SFA-9,10214872
Pb_1270,133644,1432759,10.721,13.384,Pb,SFA-9,7631237
Pb_1272,124121,995455,8.02,9.791,Pb,SFA-9,5530460
Pb_1273,114858,1013619,8.825,10.536,Pb,SFA-9,5333664
Pb_1274,120589,1188394,9.855,12.131,Pb,SFA-9,6392060
Pb_1275,107501,600248,5.584,6.543,Pb,SFA-9,3464842
Pb_1276,66306,208696,3.147,3.454,Pb,SFA-9,1201490
Pb_1277,135929,1380403,10.155,12.874,Pb,SFA-9,7718699
Pb_1278,137940,2446119,17.733,22.644,Pb,SFA-9,12917385
Pb_1279,117369,628759,5.357,6.466,Pb,SFA-9,3708262
Pb_1280,131110,1080019,8.238,10.359,Pb,SFA-9,5767784
Pb_1281,129301,1292052,9.993,12.533,Pb,SFA-9,6987707
Pb_1282,121687,892142,7.331,9.049,Pb,SFA-9,4944265
Pb_1283,140848,1691693,12.011,15.279,Pb,WAZ,8691509
Pb_1284,140677,2031714,14.442,18.677,Pb,WAZ,10513247
Pb_1286,136589,1577334,11.548,14.734,Pb,SFA-4,7941266
Pb_1288,146703,2676781,18.246,24.089,Pb,SFA-4,14090985
Pb_1289,106547,794465,7.456,8.584,Pb,SFA-4,4111787
Pb_1290,134923,1463928,10.85,13.705,Pb,SFA-4,7579668
Pb_1291,99418,777249,7.818,8.9,Pb,SFA-4,3915863
Pb_1292,119968,2032936,16.946,21.14,Pb,SFA-4,10277248
Pb_1292_replica,135087,1526099,11.297,14.201,Pb,SFA-4,7696511
Pb_1293,120809,1030210,8.528,10.217,Pb,SFA-4,5239365
Pb_1294,142424,2031371,14.263,18.313,Pb,SFA-4,10598024
Pb_1295,98097,693537,7.07,8.002,Pb,SFA-4,3798237
Pb_1296,128159,1560288,12.175,15.259,Pb,SFA-4,7930232
Pb_1298,77486,343838,4.437,4.883,Pb,SFA-4,1649493
Pb_1299,147734,1719394,11.638,15.232,Pb,SFA-4,9074903
Pb_1300,139761,1505342,10.771,13.833,Pb,SFA-4,7756194
Pb_1302,151875,2817939,18.554,24.766,Pb,SFA-4,14259779
Pb_1303,115511,872354,7.552,8.861,Pb,SFA-4,4483290
Pb_1304,110720,781934,7.062,8.172,Pb,SFA-4,4036073
Pb_1306,124726,2420934,19.41,25.283,Pb,SFA-4,12770209
Pb_1307,121066,1118493,9.239,10.998,Pb,SFA-4,5610394
Pb_1312,112619,609385,5.411,6.352,Pb,SFA-4,3259473
Pb_1320,137917,1642798,11.911,15.207,Pb,SFA-4,8411243
Pb_1321,131208,1611474,12.282,15.111,Pb,SFA-4,8274666
Pb_1322,121771,1991319,16.353,20.337,Pb,SFA-4,9874620
Pb_1323,98831,769269,7.784,8.871,Pb,SFA-4,3740240
Pb_1324,132076,1065866,8.07,9.979,Pb,SFA-4,5607957
Pb_1325,139074,1593159,11.455,14.706,Pb,SFA-4,8414988
Pb_1326,145307,3412942,23.488,30.641,Pb,SFA-4,16734653
Pb_1327,70168,360900,5.143,5.788,Pb,SFA-4,1828926
Pb_1328,151574,2351233,15.512,20.542,Pb,SFA-4,12505490
Pb_1329,121427,1531293,12.611,15.098,Pb,SFA-4,8268542
Pb_1330,138907,2358385,16.978,21.724,Pb,SFA-4,12383382
Pb_1331,132723,1711539,12.896,15.893,Pb,SFA-4,9003323
Pb_1332,107958,729285,6.755,7.804,Pb,SFA-4,4187405
Pb_1333,131481,3084366,23.459,31.392,Pb,SFA-4,16698143
Pb_1334,121154,1326238,10.947,13.407,Pb,SFA-4,6549019
Pb_1335,107570,1604212,14.913,18.085,Pb,SFA-4,7613865
Pb_1336,135731,1504547,11.085,14.083,Pb,SFA-4,7931498
Pb_1337,130517,1340180,10.268,12.669,Pb,SFA-4,7195142
Pb_1338,123344,1276650,10.35,12.52,Pb,SFA-4,6961672
Pb_1341,72604,337045,4.642,5.081,Pb,SFA-4,1869233
Pb_1342,136196,2018239,14.819,18.791,Pb,SFA-4,10857646
Pb_1345,126741,1703061,13.437,16.438,Pb,SFA-4,9235402
Pb_1347,104665,686306,6.557,7.812,Pb,SFA-4,3653532
Pb_1348,134269,1593661,11.869,14.888,Pb,SFA-4,8114250
Pb_1349,113562,1290533,11.364,14.043,Pb,SFA-4,7099318
Pb_1351,123162,1760828,14.297,18.506,Pb,SFA-4,9856527
Pb_1351_replica,117897,1010789,8.573,10.246,Pb,SFA-4,5606689
Pb_1352,125474,1287903,10.264,12.344,Pb,SFA-4,6899629
Pb_1353,134411,1521160,11.317,14.175,Pb,SFA-4,7849630
Pb_1354,127967,3158720,24.684,32.03,Pb,SFA-4,15495483
Pb_1355,87384,914940,10.47,12.901,Pb,SFA-4,4665949
Pb_1356,147679,4162519,28.186,37.25,Pb,WAZ,20548625
Pb_1357,127595,1208167,9.469,11.485,Pb,WAZ,6722027
Pb_1358,108093,1049021,9.705,11.373,Pb,WAZ,5124310
Pb_1359,79924,331880,4.152,4.691,Pb,WAZ,1766356
Pb_1360,88199,339003,3.844,4.282,Pb,WAZ,2011984
Pb_1361,117876,860460,7.3,8.595,Pb,WAZ,4553413
Pb_1362,138495,2146517,15.499,19.576,Pb,WAZ,11465822
Pb_1363,107805,627689,5.822,6.69,Pb,WAZ,3382848
Pb_1364,135609,1682678,12.408,15.699,Pb,WAZ,8996994
Pb_1365,137219,3201972,23.335,32.243,Pb,WAZ,17698125
Pb_1366,108141,670614,6.201,7.18,Pb,WAZ,3763343
Pb_1367,119874,1155797,9.642,11.71,Pb,WAZ,5731925
Pb_1368,128754,1452415,11.281,13.885,Pb,WAZ,7847395
Pb_1369,106479,639137,6.002,6.898,Pb,WAZ,3336166
Pb_1370,71655,353195,4.929,5.398,Pb,WAZ,1859202
Pb_1372,139485,2198168,15.759,20.323,Pb,WAZ,11606011
Pb_1373,136332,2250292,16.506,20.807,Pb,WAZ,12577852
Pb_1374,113976,783584,6.875,8.064,Pb,WAZ,4384707
Pb_1375,125459,1267738,10.105,12.408,Pb,WAZ,6941359
Pb_1376,136985,1427396,10.42,13.082,Pb,WAZ,7669473
Pb_1377,127003,1481081,11.662,14.235,Pb,WAZ,7687177
Pb_1378,126280,1410906,11.173,13.589,Pb,WAZ,7427819
Pb_1379,91940,375014,4.079,4.56,Pb,WAZ,2024446
Pb_1381,111665,995558,8.916,10.391,Pb,WAZ,5550667
Pb_1382,153998,2309698,14.998,20.245,Pb,WAZ,11928334
Pb_1383,115919,972033,8.385,9.888,Pb,WAZ,5394315
Pb_1384,133756,2702928,20.208,24.969,Pb,WAZ,14085197
Pb_1385,66853,223387,3.341,3.622,Pb,WAZ,1187106
Pb_1385_replica,133106,1137838,8.548,10.671,Pb,WAZ,5974744
Pb_1386,120970,947423,7.832,9.25,Pb,WAZ,5088609
Pb_1387,134332,1961598,14.603,18.712,Pb,WAZ,9444953
Pb_1388,99059,609370,6.152,7.024,Pb,WAZ,3348050
Pb_1389,109150,1232985,11.296,13.216,Pb,WAZ,6006209
Pb_1390,118474,1789952,15.108,18.629,Pb,WAZ,8953733
Pb_1391,93090,368743,3.961,4.459,Pb,SFA-16,2059804
Pb_1392,123948,996675,8.041,9.83,Pb,SFA-16,5233124
Pb_1393,147593,3223901,21.843,28.653,Pb,SFA-16,16742333
Pb_1393_replica,134027,1855514,13.844,17.278,Pb,SFA-16,9742292
Pb_1394,127715,1443479,11.302,13.986,Pb,SFA-16,7780210
Pb_1395,123854,922769,7.45,9.114,Pb,SFA-16,5014710
Pb_1396,116070,933987,8.047,9.671,Pb,SFA-16,5046494
Pb_1397,95063,466487,4.907,5.611,Pb,SFA-16,2354474
Pb_1398,87594,316012,3.608,4.174,Pb,SFA-16,1765888
Pb_1399,137715,1602503,11.636,15.137,Pb,SFA-16,8667297
Pb_1400,123629,1195883,9.673,11.746,Pb,SFA-16,6412895
Pb_1401,121583,1069854,8.799,10.631,Pb,SFA-16,6362279
Pb_1402,131553,1529398,11.626,14.728,Pb,SFA-16,8411005
Pb_1402_replica,128063,974858,7.612,9.343,Pb,SFA-16,5503118
Pb_1403,44709,112016,2.505,2.671,Pb,SFA-16,603113
Pb_1404,101929,489650,4.804,5.573,Pb,SFA-16,2655358
Pb_1405,90153,452711,5.022,5.702,Pb,SFA-16,2729008
Pb_1406,114185,722046,6.323,7.473,Pb,SFA-16,3865650
Pb_1407,58113,153676,2.644,2.826,Pb,EAZ,841530
Pb_1408,127567,1124492,8.815,10.876,Pb,EAZ,6334289
Pb_1409,100994,692829,6.86,7.998,Pb,EAZ,3429739
Pb_1410,126995,1423533,11.209,13.825,Pb,EAZ,7937350
Pb_1410_replica,125284,1078741,8.61,10.387,Pb,EAZ,6008082
Pb_1411,107770,1092160,10.134,12.008,Pb,EAZ,5801564
Pb_1411_replica,129628,1266117,9.767,12.015,Pb,EAZ,6675702
Pb_1412,114279,1378863,12.066,14.445,Pb,EAZ,6851033
Pb_1413,123330,1091446,8.85,10.745,Pb,EAZ,6112781
Pb_1414,127799,1516174,11.864,14.503,Pb,EAZ,7863143
Pb_1415,66623,267487,4.015,4.405,Pb,EAZ,1419549
Pb_1416,93269,568715,6.098,6.878,Pb,EAZ,3240698
Pb_1417,120369,1526194,12.679,15.415,Pb,EAZ,8076501
Pb_1418,107904,807096,7.48,8.789,Pb,EAZ,4218556
Pb_1419,137753,1563648,11.351,14.526,Pb,EAZ,8634149
Pb_1420,128525,1321851,10.285,12.501,Pb,EAZ,7020657
Pb_1421,116957,980145,8.38,9.943,Pb,EAZ,5718032
Pb_1422,114506,1616484,14.117,17.642,Pb,EAZ,8842974
Pb_1423,134294,1585189,11.804,14.56,Pb,EAZ,8534593
Pb_1424,123333,1811151,14.685,19.065,Pb,EAZ,10298684
Pb_1425,121652,1722998,14.163,17.506,Pb,EAZ,8805545
Pb_1425_replica,116868,966509,8.27,9.756,Pb,EAZ,5232148
Pb_1426,119862,1140047,9.511,11.386,Pb,EAZ,6722772
Pb_1427,83225,288388,3.465,3.85,Pb,EAZ,1728815
Pb_1437,116659,1682010,14.418,18.121,Pb,SFA-0,9531603
Pb_1442,77518,325443,4.198,4.69,Pb,EAZ,1997163
Pb_1443,133179,1527888,11.472,14.205,Pb,EAZ,8035081
Pb_1444,122252,1689994,13.824,17.289,Pb,EAZ,8408853
Pb_1445,128412,1937813,15.091,18.529,Pb,EAZ,9832647
Pb_1446,124663,1298664,10.417,12.64,Pb,EAZ,7112239
Pb_1447,120376,851907,7.077,8.461,Pb,EAZ,4591945
Pb_1448,146867,2184033,14.871,19.586,Pb,EAZ,11216234
Pb_1449,129670,1289832,9.947,12.122,Pb,EAZ,7142995
Pb_1450,118158,909430,7.697,9.105,Pb,EAZ,5182156
Pb_1451,122402,2055031,16.789,21.022,Pb,EAZ,10909446
Pb_1452,97269,702177,7.219,8.23,Pb,EAZ,3431651
Pb_1453,120115,1838900,15.309,18.727,Pb,EAZ,8900170
Pb_1454,126702,1063339,8.392,10.12,Pb,EAZ,5680758
Pb_1455,136289,1586530,11.641,14.58,Pb,EAZ,8652274
Pb_1456,127215,1326878,10.43,12.655,Pb,EAZ,6986934
Pb_1457,106422,618366,5.811,6.686,Pb,EAZ,3380227
Pb_1458,99448,504259,5.071,5.773,Pb,EAZ,2756795
Pb_1459,128827,999565,7.759,9.776,Pb,EAZ,5266351
Pb_1460,135449,2730049,20.156,25.598,Pb,EAZ,14404161
Pb_1461,103439,779091,7.532,8.719,Pb,EAZ,3901132
Pb_1462,128338,1834921,14.298,17.53,Pb,EAZ,9887088
Pb_1463,139197,2243630,16.118,20.879,Pb,EAZ,11957081
Pb_1464,132621,1527021,11.514,14.273,Pb,EAZ,8338126
Pb_1465,119418,1533953,12.845,15.595,Pb,EAZ,7402515
Pb_1466,128959,1205193,9.346,11.33,Pb,EAZ,6813326
Pb_1467,108484,1151695,10.616,12.769,Pb,EAZ,6027509
Pb_1468,108013,934094,8.648,9.918,Pb,EAZ,4955364
Pb_1469,103955,588233,5.659,6.641,Pb,EAZ,2990082
Pb_1470,114001,1025086,8.992,10.717,Pb,EAZ,5352215
Pb_1470_replica,130507,1606747,12.312,15.071,Pb,EAZ,8522432
Pb_1471,54695,147065,2.689,2.916,Pb,EAZ,937936
Pb_1472,126312,1279620,10.131,12.29,Pb,EAZ,6747229
Pb_1473,112282,1221231,10.876,13.137,Pb,EAZ,6211687
Pb_1474,127020,1097592,8.641,10.456,Pb,EAZ,5932590
Pb_1474_replica,115241,1474687,12.797,15.52,Pb,EAZ,7433373
Pb_1475,142378,3414578,23.982,30.738,Pb,EAZ,18043963
Pb_1476,119075,1634026,13.723,16.758,Pb,EAZ,7942585
Pb_1478,83253,383084,4.601,5.251,Pb,EAZ,2355163
Pb_1479,105671,768113,7.269,8.493,Pb,EAZ,3977335
Pb_1480,116490,889646,7.637,9.006,Pb,EAZ,4957038
Pb_1481,120262,869033,7.226,8.656,Pb,EAZ,4920408
Pb_1482,123341,1058269,8.58,10.415,Pb,EAZ,5848130
Pb_1484,127168,980562,7.711,9.464,Pb,EAZ,5440850
Pb_1485,96482,439560,4.556,5.246,Pb,EAZ,2439927
Pb_1486,88903,345515,3.886,4.345,Pb,EAZ,1922383
Pb_1487,117716,996759,8.467,10.248,Pb,EAZ,4909237
Pb_1488,122515,1704480,13.912,17.198,Pb,EAZ,8752001
Pb_1490,71907,236596,3.29,3.627,Pb,EAZ,1364684
Pb_1491,117862,963359,8.174,9.782,Pb,EAZ,5376153
Pb_1493,108770,1105005,10.159,12.36,Pb,EAZ,6108960
Pb_1494,124165,1605121,12.927,16.157,Pb,EAZ,8149392
Pb_1495,131975,1314330,9.959,12.184,Pb,EAZ,7290458
Pb_1496,106031,768372,7.247,8.583,Pb,EAZ,3928881
Pb_1497,94742,590027,6.228,7.073,Pb,EAZ,3047181
Pb_1498,130700,1065367,8.151,10.046,Pb,EAZ,6135999
Pb_1499,112149,732947,6.535,7.652,Pb,EAZ,4051407
Pb_1500,140740,2225135,15.81,20.169,Pb,EAZ,12349332
Pb_1501,133317,1679817,12.6,15.698,Pb,EAZ,9194104
Pb_1502,99482,563835,5.668,6.47,Pb,EAZ,3119816
Pb_1503,128457,1208218,9.406,11.506,Pb,EAZ,6826375
Pb_1504,121957,983873,8.067,9.703,Pb,EAZ,5467018
Pb_1505,91938,446195,4.853,5.449,Pb,EAZ,2703664
Pb_1506,102726,555086,5.404,6.269,Pb,EAZ,3278074
Pb_1507,110589,1237435,11.189,13.775,Pb,EAZ,7454116
Pb_1508,113850,1132366,9.946,11.874,Pb,EAZ,5593599
Pb_1508_replica,104679,934163,8.924,10.722,Pb,EAZ,5343320
Pb_1509,116340,1590040,13.667,17.294,Pb,EAZ,8995968
Pb_1510,124382,1928366,15.504,20.236,Pb,EAZ,10949785
Pb_1511,115973,743928,6.415,7.655,Pb,EAZ,4207653
Pb_1512,103538,587081,5.67,6.583,Pb,EAZ,3778113
Pb_1513,133047,1396206,10.494,12.941,Pb,EAZ,7626810
Pb_1514,121054,983263,8.123,9.752,Pb,EAZ,5304102
Pb_1515,120486,2166603,17.982,23.061,Pb,EAZ,12024245
Pb_1516,127589,1412184,11.068,13.54,Pb,EAZ,7338846
Pb_1517,128147,1656668,12.928,16.015,Pb,EAZ,8654996
Pb_1518,115689,1600798,13.837,16.711,Pb,EAZ,7696808
Pb_1518_replica,141484,1880933,13.294,17.224,Pb,EAZ,10097999
Pb_1519,107461,804023,7.482,8.678,Pb,EAZ,4248680
Pb_1520,103798,584308,5.629,6.389,Pb,EAZ,3126922
Pb_1521,107298,693843,6.467,7.505,Pb,EAZ,3742085
Pb_1522,142640,2008175,14.079,17.966,Pb,EAZ,10308357
Pb_1523,137147,1972569,14.383,18.429,Pb,EAZ,11008743
Pb_1524,111309,1151254,10.343,12.484,Pb,EAZ,5834541
Pb_1526,114120,672271,5.891,7.019,Pb,EAZ,3549040
Pb_1528,108259,692346,6.395,7.378,Pb,EAZ,3921650
Pb_1529,124602,1070148,8.589,10.382,Pb,EAZ,5604264
Pb_1530,120592,1640225,13.601,17.45,Pb,EAZ,9452377
Pb_1531,107415,638310,5.942,6.869,Pb,EAZ,3612177
Pb_1532,79308,295662,3.728,4.092,Pb,EAZ,1547302
Pb_1532_replica,144909,1444125,9.966,13.17,Pb,EAZ,7628523
Pb_1533,77069,258768,3.358,3.732,Pb,EAZ,1521919
Pb_1534,129747,1415335,10.908,13.35,Pb,EAZ,7468507
Pb_1535,115654,1034267,8.943,10.686,Pb,EAZ,5260977
Pb_1536,120851,828816,6.858,8.318,Pb,EAZ,4446485
Pb_1537,117379,1348482,11.488,13.876,Pb,EAZ,6715966
Pb_1538,103005,550668,5.346,6.064,Pb,EAZ,2843196
Pb_1539,120691,1822185,15.098,18.824,Pb,EAZ,9185833
Pb_1540,125618,1415175,11.266,13.563,Pb,EAZ,7130302
Pb_1541,119219,1395368,11.704,14.134,Pb,EAZ,6853302
Pb_1542,130474,1298814,9.955,12.32,Pb,EAZ,7081530
Pb_1543,117722,1530888,13.004,15.669,Pb,EAZ,7375773
Pb_1544,131612,1696712,12.892,17.132,Pb,EAZ,8467938
Pb_1545,103709,982663,9.475,10.939,Pb,EAZ,4877922
Pb_1546,136168,2293814,16.845,21.402,Pb,EAZ,11774620
Pb_1547,119142,1880920,15.787,20.052,Pb,EAZ,10106264
Pb_1548,117153,1144494,9.769,11.77,Pb,EAZ,6039606
Pb_1549,135540,1332839,9.834,12.279,Pb,WAZ,6890708
Pb_1550,129625,1185343,9.144,11.128,Pb,WAZ,6449025
Pb_1550_replica,127422,1329236,10.432,12.682,Pb,WAZ,7170366
Pb_1551,142254,1754058,12.33,15.783,Pb,WAZ,9970251
Pb_1552,143181,1720919,12.019,15.795,Pb,WAZ,9392407
Pb_1553,128395,1519170,11.832,14.568,Pb,WAZ,8135793
Pb_1554,126164,1193787,9.462,11.627,Pb,WAZ,6621498
Pb_1555,128643,1505260,11.701,14.294,Pb,WAZ,8463084
Pb_1556,117085,648014,5.535,6.562,Pb,WAZ,3498412
Pb_1557,85886,435377,5.069,5.821,Pb,WAZ,2533925
Pb_1558,119082,1680260,14.11,18.047,Pb,WAZ,9334651
Pb_1559,133761,1468005,10.975,13.637,Pb,WAZ,7947237
Pb_1560,129048,1337569,10.365,12.701,Pb,WAZ,7111678
Pb_1562,147115,1420854,9.658,12.678,Pb,WAZ,7399856
Pb_1563,98202,685643,6.982,7.968,Pb,WAZ,3594511
Pb_1564,122904,1449031,11.79,14.625,Pb,WAZ,7415046
Pb_1566,113690,847645,7.456,8.777,Pb,WAZ,4464959
Pb_1568,103922,827665,7.964,9.628,Pb,WAZ,5003086
Pb_1569,126083,1265420,10.036,12.336,Pb,WAZ,7375729
Pb_1570,115178,845179,7.338,8.667,Pb,WAZ,4885275
Pb_1571,102780,730406,7.106,8.09,Pb,WAZ,4089671
Pb_1572,122489,1015291,8.289,9.892,Pb,WAZ,5352198
Pb_1573,121238,884730,7.297,8.715,Pb,WAZ,4781730
Pb_1574,101175,551084,5.447,6.282,Pb,WAZ,3145364
Pb_1575,77733,328060,4.22,4.644,Pb,WAZ,1683473
Pb_1576,129786,1366530,10.529,13.121,Pb,WAZ,7365932
Pb_1577,123780,1899364,15.345,19.956,Pb,WAZ,10596267
Pb_1578,131603,1680553,12.77,16.078,Pb,WAZ,9076743
Pb_1579,119202,1249801,10.485,12.775,Pb,WAZ,6492559
Pb_1580,105837,935555,8.84,10.734,Pb,WAZ,5413511
Pb_1581,117066,1651649,14.109,17.213,Pb,WAZ,8309059
Pb_1582,104708,553619,5.287,6.107,Pb,WAZ,3099144
Pb_1583,110634,674264,6.095,7.097,Pb,WAZ,3831237
Pb_1584,130189,1386229,10.648,13.235,Pb,WAZ,7775605
Pb_1584_replica,135441,2003775,14.794,18.761,Pb,WAZ,11188264
Pb_1585,130770,1506157,11.518,14.45,Pb,SFA-5,7956679
Pb_1586,147498,2371296,16.077,21.054,Pb,SFA-5,12092718
Pb_1587,128349,1670318,13.014,15.92,Pb,SFA-5,8991600
Pb_1588,116581,1982936,17.009,21.727,Pb,SFA-5,9571556
Pb_1589,141592,2092490,14.778,19.017,Pb,SFA-5,10893103
Pb_1590,145201,2396347,16.504,21.82,Pb,SFA-5,12161686
Pb_1591,134108,1505130,11.223,13.947,Pb,SFA-5,8614210
Pb_1592,133033,1918751,14.423,18.158,Pb,SFA-5,10203773
Pb_1593,137509,1532598,11.145,14.025,Pb,SFA-5,8175907
Pb_1594,115257,722148,6.266,7.425,Pb,SFA-5,3895356
Pb_1595,134222,1956199,14.574,18.218,Pb,SFA-5,10555341
Pb_1596,123799,1608372,12.992,16.099,Pb,SFA-5,7992697
Pb_1597,133883,1643610,12.276,15.408,Pb,SFA-5,9039327
Pb_1598,133140,1312374,9.857,12.255,Pb,SFA-5,7257248
Pb_1599,147904,2394545,16.19,21.514,Pb,SFA-5,12785284
Pb_1600,139012,1809226,13.015,16.524,Pb,SFA-5,10234296
Pb_1601,144788,2356006,16.272,21.619,Pb,SFA-5,13233829
Pb_1602,128043,1522800,11.893,15.02,Pb,SFA-5,7756932
Pb_1603,112531,768526,6.829,8.126,Pb,SFA-5,4325355
Pb_1604,142126,1719143,12.096,15.572,Pb,SFA-5,9116990
Pb_1605,93884,465976,4.963,5.631,Pb,SFA-5,2512469
Pb_1606,127686,2299413,18.008,23.049,Pb,SFA-5,11117429
Pb_1607,130443,2066401,15.841,20.132,Pb,SFA-5,10333655
Pb_1608,148892,3285049,22.063,29.333,Pb,SFA-5,17451405
Pb_1609,147822,1568107,10.608,14.233,Pb,SFA-5,7835272
Pb_1610,149617,2065165,13.803,18.299,Pb,SFA-5,10879914
Pb_1611,120462,916548,7.609,9.093,Pb,SFA-5,5140138
Pb_1612,143860,2041222,14.189,18.638,Pb,SFA-5,10882594
Pb_1613,116696,1542888,13.221,16.611,Pb,SFA-5,8824032
Pb_1614,127837,1421552,11.12,13.621,Pb,SFA-5,7904130
Pb_1616,135551,1564747,11.544,14.497,Pb,SFA-5,8908244
Pb_1617,136494,1497287,10.97,13.679,Pb,SFA-5,8159440
Pb_1618,122701,1504395,12.261,15.172,Pb,SFA-5,7031466
Pb_1619,128756,1217049,9.452,11.899,Pb,SFA-5,6457402
Pb_1620,144915,1675472,11.562,15.131,Pb,SFA-5,9832348
Pb_1621,106010,669340,6.314,7.337,Pb,SFA-5,3357668
Pb_1622,135485,2144837,15.831,19.694,Pb,SFA-5,11348167
Pb_1642,137994,1170484,8.482,10.928,Pb,SFA-0,6649197
Pb_1646,146357,1801495,12.309,15.93,Pb,SFA-6,9593634
Pb_1647,136093,1784272,13.111,16.32,Pb,SFA-6,9910216
Pb_1648,128221,2570248,20.045,26.362,Pb,SFA-6,14307654
Pb_1649,129699,1811886,13.97,17.644,Pb,SFA-6,9369847
Pb_1650,129325,1548873,11.977,14.758,Pb,SFA-6,8277751
Pb_1651,137578,1746403,12.694,15.897,Pb,SFA-6,9394872
Pb_1652,125737,1423401,11.32,13.751,Pb,SFA-6,7527908
Pb_1653,137042,2525804,18.431,23.374,Pb,SFA-6,13423621
Pb_1654,120982,1841955,15.225,18.952,Pb,SFA-6,9013820
Pb_1655,138334,1674111,12.102,15.353,Pb,SFA-6,8800262
Pb_1656,106090,590314,5.564,6.478,Pb,SFA-6,3170455
Pb_1657,130082,3265960,25.107,32.622,Pb,SFA-6,16029210
Pb_1658,113667,744936,6.554,7.666,Pb,SFA-6,3998930
Pb_1659,116669,1587327,13.605,16.593,Pb,SFA-6,7667452
Pb_1660,140706,1615958,11.485,14.977,Pb,SFA-6,8819151
Pb_1661,134339,1426353,10.618,13.239,Pb,SFA-6,7838284
Pb_1662,66229,293040,4.425,4.8,Pb,SFA-6,1661833
Pb_1663,133415,1685814,12.636,15.812,Pb,SFA-6,9096641
Pb_1664,137250,2010628,14.649,18.548,Pb,SFA-5,10597745
Pb_1665,119788,1570115,13.107,15.99,Pb,SFA-5,7388391
Pb_1666,125425,911993,7.271,8.845,Pb,SFA-5,4973678
Pb_1667,134736,1642516,12.191,15.5,Pb,SFA-5,8609105
Pb_1668,107949,676822,6.27,7.251,Pb,SFA-5,3957586
Pb_1668_replica,141679,3006797,21.223,27.182,Pb,SFA-5,16205199
Pb_1669,136635,1985365,14.53,18.176,Pb,SFA-5,9908008
Pb_1670,142172,2022412,14.225,18.336,Pb,SFA-5,11307684
Pb_1671,93031,428724,4.608,5.177,Pb,SFA-5,2308282
Pb_1672,144240,2656612,18.418,24.047,Pb,SFA-5,13561956
Pb_1673,138003,2385394,17.285,21.931,Pb,SFA-5,12340804
Pb_1674,122454,2376557,19.408,24.968,Pb,SFA-5,12545986
Pb_1675,91042,699751,7.686,9.249,Pb,SFA-5,3461915
Pb_1676,27983,60169,2.15,2.244,Pb,SFA-5,359041
Pb_1678,88368,401023,4.538,5.257,Pb,SFA-5,2102539
Pb_1679,110774,652257,5.888,7.111,Pb,SFA-5,3397996
Pb_1680,48531,134238,2.766,2.965,Pb,SFA-5,805908
Pb_1681,131753,1340719,10.176,13.306,Pb,SFA-5,6873173
Pb_1682,114563,649279,5.667,6.818,Pb,SFA-5,3519743
Pb_1683,157811,1613518,10.224,14.08,Pb,SFA-5,8534949
Pb_1684,105850,539636,5.098,6,Pb,SFA-5,2720741
Pb_1685,125735,1158028,9.21,11.833,Pb,SFA-5,5986737
Pb_1687,115319,695877,6.034,7.368,Pb,SFA-5,3672130
Pb_1688,156350,2506705,16.033,24.18,Pb,SFA-5,13393235
Pb_1689,9293,12252,1.318,1.338,Pb,SFA-5,93192
Pb_1690,55704,185553,3.331,3.668,Pb,SFA-5,958079
Pb_1691,144603,1218589,8.427,11.18,Pb,SFA-5,6347435
Pb_1692,27567,59647,2.164,2.26,Pb,SFA-5,329894
Pb_1693,73766,348857,4.729,5.324,Pb,SFA-5,1828093
Pb_1696,147159,1234573,8.389,11.341,Pb,SFA-6,6433033
Pb_1698,57624,141031,2.447,2.657,Pb,SFA-6,913330
Pb_1699,134007,1467936,10.954,13.789,Pb,SFA-6,7636842
Pb_1700,73461,378787,5.156,5.674,Pb,SFA-6,2193205
Pb_1701,34939,81204,2.324,2.436,Pb,SFA-6,390410
Pb_1702,143257,1711457,11.947,15.25,Pb,SFA-6,9391630
Pb_1703,125151,1199088,9.581,11.693,Pb,SFA-6,6640914
Pb_1704,106802,553274,5.18,5.926,Pb,SFA-6,3202519
Pb_1705,127307,1387276,10.897,13.304,Pb,SFA-6,7533927
Pb_1706,110206,682010,6.189,7.268,Pb,SFA-6,3589645
Pb_1707,94456,508031,5.378,6.056,Pb,SFA-6,2651675
Pb_1708,124740,2393024,19.184,24.882,Pb,SFA-6,13080044
Pb_1709,114726,970995,8.464,10.018,Pb,SFA-6,5043793
Pb_1710,137885,1547512,11.223,14.097,Pb,SFA-6,8278151
Pb_1711,41520,142977,3.444,3.638,Pb,SFA-6,763655
Pb_1712,133281,1788701,13.421,16.894,Pb,SFA-6,9811750
Pb_1713,109444,691363,6.317,7.329,Pb,SFA-6,3646950
Pb_1714,104234,837932,8.039,9.375,Pb,SFA-6,3975081
Pb_1715,126119,1155972,9.166,11.093,Pb,SFA-6,6292030
Pb_1717,129456,2063079,15.937,21.162,Pb,SFA-6,11422494
Pb_1718,129552,1698550,13.111,16.179,Pb,SFA-6,9157604
Pb_1719,125523,1076302,8.575,10.435,Pb,SFA-6,5671885
Pb_1720,71331,287096,4.025,4.37,Pb,SFA-6,1386632
Pb_1721,117915,1147804,9.734,11.839,Pb,SFA-6,5534628
Pb_1722,107173,562434,5.248,6.013,Pb,SFA-6,3040053
Pb_1723,156850,2127873,13.566,18.669,Pb,SFA-6,11025898
Pb_1724,124858,2153621,17.249,22.083,Pb,SFA-6,10647674
Pb_1725,141237,2502120,17.716,24.887,Pb,SFA-6,13671488
Pb_1726,112366,901813,8.026,9.25,Pb,SFA-6,5095505
Pb_1727,103873,690209,6.645,7.658,Pb,SFA-6,3834543
Pb_1728,48371,178269,3.685,3.919,Pb,SFA-6,923766
Pb_1728_replica,146769,2488906,16.958,22.353,Pb,SFA-6,13173608
Pb_1730,95648,510049,5.333,6.081,Pb,SFA-6,2753616
Pb_1731,92248,427128,4.63,5.23,Pb,SFA-6,2281692
Pb_1732,126635,1070982,8.457,10.365,Pb,SFA-6,5682487
Pb_1733,85769,518139,6.041,6.724,Pb,SFA-6,2775018
Pb_1734,136922,1662711,12.143,15.741,Pb,SFA-6,8267673
Pb_1735,108243,1386242,12.807,15.011,Pb,SFA-6,6541715
Pb_1736,126758,2413190,19.038,24.825,Pb,SFA-6,13023089
Pb_1737,115301,1787517,15.503,18.768,Pb,SFA-6,8468812
Pb_1738,89503,558277,6.238,6.982,Pb,SFA-6,2945056
Pb_1739,118189,1036202,8.767,10.433,Pb,SFA-6,5466894
Pb_1740,127011,1204176,9.481,11.753,Pb,SFA-6,6435630
Pb_1741,135925,1305792,9.607,12.104,Pb,SFA-6,7061935
Pb_1742,127615,1310598,10.27,12.669,Pb,SFA-6,6734681
Pb_1743,137390,3899252,28.381,38.923,Pb,SFA-6,20759920
Pb_1744,81034,384842,4.749,5.22,Pb,SFA-6,1868635
Pb_1746,129645,1037505,8.003,9.863,Pb,SFA-6,5464737
Pb_1747,121904,1899976,15.586,19.212,Pb,SFA-6,9264765
Pb_1748,112504,688540,6.12,7.107,Pb,SFA-6,3681511
Pb_1749,126814,1035410,8.165,9.898,Pb,SFA-6,5528894
Pb_1750,118795,1094904,9.217,11.006,Pb,SFA-6,6126597
Pb_1751,107783,676190,6.274,7.269,Pb,SFA-6,3490441
Pb_1752,134495,1407637,10.466,12.955,Pb,SFA-6,7859850
Pb_1753,97289,670181,6.889,7.801,Pb,SFA-6,3299366
Pb_1754,119092,1822106,15.3,18.936,Pb,SFA-6,9067718
Pb_1755,139246,2523287,18.121,23.021,Pb,SFA-6,13700305
Pb_1756,137225,4540359,33.087,43.994,Pb,SFA-6,22118462
Pb_1757,132925,1949303,14.665,18.064,Pb,SFA-6,10240092
Pb_1758,128427,1374600,10.703,13.02,Pb,SFA-6,7208269
Pb_1759,140824,2224091,15.793,20.34,Pb,SFA-6,11600235
Pb_1760,121866,1180153,9.684,11.508,Pb,SFA-6,6000379
Pb_1760_replica,125326,1136024,9.065,11.029,Pb,SFA-6,5890639
Pb_1761,121742,2238722,18.389,22.774,Pb,SFA-6,11258849
Pb_1762,124285,1235034,9.937,12.077,Pb,SFA-6,6512520
Pb_1763,150808,3471064,23.016,31.263,Pb,SFA-6,18042184
Pb_1764,136140,2076047,15.249,19.309,Pb,SFA-6,10987902
Pb_1765,126584,1207704,9.541,11.687,Pb,SFA-6,6381432
Pb_1766,144524,1950033,13.493,17.694,Pb,SFA-6,10999737
Pb_1767,128757,1627233,12.638,15.412,Pb,SFA-6,8524840
Pb_1768,138407,3020426,21.823,27.839,Pb,SFA-6,16358600
Pb_1769,145025,1906543,13.146,16.873,Pb,SFA-6,9924612
Pb_1771,128609,1220005,9.486,11.526,Pb,SFA-6,6713994
Pb_1772,120299,954629,7.935,9.399,Pb,SFA-6,5214663
Pb_1773,150011,3340925,22.271,29.326,Pb,SFA-6,17328566
Pb_1774,126781,1284062,10.128,12.243,Pb,SFA-6,6792433
Pb_1775,135801,1737386,12.794,16.081,Pb,SFA-6,9102626
Pb_1776,150955,3945616,26.138,34.803,Pb,SFA-6,20247957
Pb_1777,130354,1106452,8.488,10.429,Pb,SFA-6,5984122
Pb_1778,140193,1885476,13.449,16.957,Pb,SFA-6,10180478
Pb_1779,128998,1459848,11.317,13.917,Pb,SFA-6,7806322
Pb_1780,133728,1519489,11.363,14.16,Pb,SFA-6,8331080
Pb_1781,145639,2580525,17.719,22.883,Pb,SFA-6,13358918
Pb_1782,134725,1503569,11.16,13.992,Pb,SFA-6,8120793
Pb_1783,143758,2271763,15.803,20.59,Pb,SFA-6,11854214
Pb_1785,127115,1393980,10.966,13.551,Pb,SFA-6,7548144
Pb_1786,120626,1040624,8.627,10.217,Pb,SFA-6,5621811
Pb_1787,152026,2404923,15.819,21.296,Pb,SFA-6,12606827
Pb_1788,122578,924965,7.546,9.186,Pb,SFA-6,5081855
Pb_1789,135600,1922588,14.178,17.788,Pb,SFA-6,10097432
Pb_1790,135748,1744162,12.849,15.968,Pb,SFA-6,9136745
Pb_1791,127561,1303320,10.217,12.334,Pb,SFA-6,6986430
Pb_1792,137919,1754978,12.725,16.292,Pb,SFA-7,9627268
Pb_1793,115280,1429317,12.399,15.577,Pb,SFA-7,7888529
Pb_1794,109669,1019603,9.297,10.673,Pb,SFA-7,5214726
Pb_1795,136456,2304311,16.887,21.189,Pb,SFA-7,11824641
Pb_1796,135674,1823964,13.444,16.889,Pb,SFA-7,9088297
Pb_1797,119663,1137491,9.506,11.33,Pb,SFA-7,5957434
Pb_1798,106363,1027629,9.662,11.766,Pb,SFA-7,6056706
Pb_1799,139410,3017633,21.646,27.323,Pb,SFA-7,15731044
Pb_1800,118660,998100,8.411,9.967,Pb,SFA-7,5311084
Pb_1801,134577,2516057,18.696,23.212,Pb,SFA-7,13140251
Pb_1802,49348,186210,3.773,4.029,Pb,SFA-7,966498
Pb_1803,119120,1373434,11.53,13.93,Pb,SFA-7,6729947
Pb_1804,133107,1273999,9.571,11.79,Pb,SFA-7,6733233
Pb_1805,120645,1004106,8.323,9.817,Pb,SFA-7,5333838
Pb_1806,131096,2954265,22.535,29.007,Pb,SFA-7,14282737
Pb_1807,127719,3225185,25.252,32.119,Pb,SFA-7,15225112
Pb_1808,43997,148949,3.385,3.585,Pb,SFA-7,791920
Pb_1809,130589,2075555,15.894,19.713,Pb,SFA-7,10937168
Pb_1809_replica,127284,1189508,9.345,11.318,Pb,SFA-7,6267409
Pb_1810,114846,990046,8.621,10.106,Pb,SFA-7,5313054
Pb_1811,122824,1179319,9.602,11.592,Pb,SFA-7,6411474
Pb_1812,141480,2704701,19.117,24.558,Pb,SFA-7,14247269
Pb_1813,136596,1651826,12.093,15.115,Pb,SFA-7,8794236
Pb_1814,152384,1798965,11.805,15.899,Pb,SFA-7,9155348
Pb_1815,124181,1335302,10.753,13.482,Pb,SFA-7,6347022
Pb_1816,143595,1366255,9.515,12.607,Pb,SFA-7,7187955
Pb_1817,117338,864606,7.369,8.765,Pb,SFA-7,4395838
Pb_1818,116432,1636025,14.051,17.72,Pb,SFA-7,8987309
Pb_1819,145093,1547156,10.663,13.837,Pb,SFA-7,8149490
Pb_1820,92884,454927,4.898,5.537,Pb,SFA-7,2426176
Pb_1821,77815,307049,3.946,4.365,Pb,SFA-7,1594650
Pb_1822,129091,893663,6.923,8.74,Pb,SFA-7,4763405
Pb_1823,126705,1212203,9.567,11.604,Pb,SFA-7,6360028
Pb_1824,127039,1299387,10.228,12.496,Pb,SFA-7,6910391
Pb_1825,131739,1246373,9.461,11.856,Pb,SFA-7,6365935
Pb_1826,139783,1721252,12.314,15.96,Pb,SFA-7,9100369
Pb_1828,145343,1941514,13.358,17.684,Pb,SFA-6,9729487
Pb_1829,60552,212754,3.514,3.773,Pb,SFA-6,1001579
Pb_1830,116841,973735,8.334,9.787,Pb,SFA-6,5396243
Pb_1831,119508,1864807,15.604,19.211,Pb,SFA-6,9148815
Pb_1832,130577,1447734,11.087,13.559,Pb,SFA-6,7383374
Pb_1833,121906,1316858,10.802,12.912,Pb,SFA-6,7351778
Pb_1834,130727,1326121,10.144,12.602,Pb,SFA-6,6971320
Pb_1835,132814,1380873,10.397,12.862,Pb,SFA-6,7331709
Pb_1836,130674,1624941,12.435,15.205,Pb,SFA-6,8676053
Pb_1837,125779,1020601,8.114,9.837,Pb,SFA-6,5497527
Pb_1838,125541,2320085,18.481,23.286,Pb,SFA-6,11172422
Pb_1839,124167,1277203,10.286,12.391,Pb,SFA-6,6668399
Pb_1840,125264,1055547,8.427,10.173,Pb,SFA-6,5312515
Pb_1841,133942,3226275,24.087,32.565,Pb,SFA-6,17560401
Pb_1842,140225,2892714,20.629,26.445,Pb,SFA-6,15153676
Pb_1843,141689,1539499,10.865,14.04,Pb,SFA-6,7759104
Pb_1844,128755,1389640,10.793,13.408,Pb,SFA-6,7323422
Pb_1845,128142,2292904,17.893,23.152,Pb,SFA-6,10764345
Pb_1846,124464,1127446,9.058,10.975,Pb,SFA-6,5644115
Pb_1847,129810,1294953,9.976,12.263,Pb,SFA-6,7256811
Pb_1848,142177,2157573,15.175,19.309,Pb,SFA-6,11123710
Pb_1849,140982,2295419,16.282,20.79,Pb,SFA-6,11526317
Pb_1850,62556,187099,2.991,3.219,Pb,SFA-6,1072471
Pb_1851,136561,1672412,12.247,15.34,Pb,SFA-6,8695040
Pb_1852,148853,2175640,14.616,19.177,Pb,SFA-6,11456954
Pb_1853,112940,637610,5.646,6.643,Pb,SFA-6,3369595
Pb_1854,136521,2136023,15.646,19.74,Pb,SFA-6,11248893
Pb_1855,121749,1239571,10.181,12.534,Pb,SFA-6,6313137
Pb_1856,141242,1890872,13.387,17.216,Pb,SFA-6,9899239
Pb_1857,117393,1397679,11.906,14.63,Pb,SFA-6,6307383
Pb_1858,126067,2532349,20.087,26.267,Pb,SFA-6,13394360
Pb_1859,129143,1310347,10.146,12.396,Pb,SFA-6,7170956
Pb_1860,123797,995506,8.041,9.777,Pb,SFA-6,5318825
Pb_1861,142255,2009290,14.125,18.281,Pb,SFA-6,10820506
Pb_1862,114038,1307837,11.468,14.312,Pb,SFA-6,7226782
Pb_1863,138964,1648464,11.863,14.975,Pb,SFA-6,9061361
Pb_1864,133324,1318879,9.892,12.184,Pb,SFA-5,7071586
Pb_1865,126952,1244578,9.804,12.083,Pb,SFA-5,6682960
Pb_1866,121495,858331,7.065,8.644,Pb,SFA-5,5129405
Pb_1867,131789,2017302,15.307,19.674,Pb,SFA-5,9880167
Pb_1868,135329,2293515,16.948,23.013,Pb,SFA-5,12493000
Pb_1869,93553,468510,5.008,5.827,Pb,SFA-5,2472693
Pb_1871,112666,631360,5.604,6.603,Pb,SFA-5,3673398
Pb_1872,56138,182285,3.247,3.537,Pb,SFA-5,1101671
Pb_1873,130030,1199902,9.228,11.384,Pb,SFA-5,6361532
Pb_1874,136272,2017015,14.801,18.632,Pb,SFA-5,10446414
Pb_1875,133223,1380777,10.364,12.986,Pb,SFA-5,7513131
Pb_1876,151181,2080736,13.763,18.44,Pb,SFA-5,11698330
Pb_1877,98814,484392,4.902,5.63,Pb,SFA-5,2748149
Pb_1878,131290,1301545,9.914,12.303,Pb,SFA-5,7223110
Pb_1879,97530,663753,6.806,7.675,Pb,SFA-5,3536101
Pb_1880,130383,1215411,9.322,11.368,Pb,SFA-5,6367669
Pb_1881,116478,772506,6.632,7.857,Pb,SFA-5,4197410
Pb_1882,112556,738859,6.564,7.737,Pb,SFA-5,3947950
Pb_1883,120331,1166344,9.693,11.639,Pb,SFA-5,6575619
Pb_1884,83062,393532,4.738,5.274,Pb,SFA-5,2116583
Pb_1885,137614,1485923,10.798,13.512,Pb,SFA-5,7969432
Pb_1886,127760,1335160,10.451,12.811,Pb,SFA-5,7093609
Pb_1887,94914,580444,6.115,7.353,Pb,SFA-5,3635002
Pb_1889,144464,3350469,23.192,32.795,Pb,SFA-5,18164875
Pb_1890,105881,759389,7.172,8.291,Pb,SFA-5,3908796
Pb_1892,79389,276022,3.477,3.869,Pb,SFA-5,1654271
Pb_1893,143273,1710387,11.938,15.462,Pb,SFA-5,9317165
Pb_1894,91583,423085,4.62,5.184,Pb,SFA-5,2200258
Pb_1895,143374,1720232,11.998,15.392,Pb,SFA-5,9175456
Pb_1896,82257,295966,3.598,3.988,Pb,SFA-5,1851430
Pb_1897,131920,1408222,10.675,13.193,Pb,SFA-5,7353750
Pb_1898,114633,887382,7.741,9.121,Pb,SFA-5,5289329
Pb_1899,123526,1772995,14.353,17.83,Pb,SFA-5,8368492
Pb_1900,117367,810145,6.903,8.162,Pb,SFA-5,4781440
Pb_1901,132076,1255024,9.502,11.756,Pb,SFA-5,7348331
Pb_1902,123950,1846304,14.896,18.426,Pb,SFA-5,8971038
Pb_1903,126536,1178782,9.316,11.282,Pb,SFA-5,6345955
Pb_1904,140192,1999257,14.261,18.243,Pb,SFA-13,10528287
Pb_1905,132932,1413508,10.633,13.363,Pb,SFA-13,7657918
Pb_1906,128341,1102858,8.593,10.426,Pb,SFA-13,5637035
Pb_1906_replica,129895,2736126,21.064,26.783,Pb,SFA-13,13177330
Pb_1907,118196,1514845,12.816,16.297,Pb,SFA-13,8187668
Pb_1908,127768,1774560,13.889,17.088,Pb,SFA-13,8935656
Pb_1909,128115,3035559,23.694,30.544,Pb,SFA-13,14469229
Pb_1910,120444,974393,8.09,9.53,Pb,SFA-13,5141136
Pb_1911,138816,2001088,14.415,18.568,Pb,SFA-13,10201728
Pb_1912,115555,810961,7.018,8.285,Pb,SFA-13,4351039
Pb_1913,119703,1536300,12.834,15.613,Pb,SFA-13,7483606
Pb_1914,136649,1828513,13.381,16.706,Pb,SFA-13,9597340
Pb_1915,133819,1691044,12.637,15.66,Pb,SFA-13,9086406
Pb_1916,125659,1014920,8.077,9.907,Pb,SFA-13,5444804
Pb_1917,104113,823513,7.91,9.064,Pb,SFA-13,4488899
Pb_1918,134368,2422785,18.031,22.745,Pb,SFA-13,12710791
Pb_1919,56569,229762,4.062,4.366,Pb,SFA-13,1157543
Pb_1920,124463,938619,7.541,9.296,Pb,SFA-13,4749536
Pb_1921,110719,762585,6.888,7.963,Pb,SFA-13,4132940
Pb_1922,126210,2007367,15.905,20.723,Pb,SFA-13,10792260
Pb_1923,142571,2199341,15.426,19.794,Pb,SFA-13,11503823
Pb_1924,130045,1280358,9.845,12.15,Pb,SFA-13,6573930
Pb_1925,142521,2313139,16.23,21.425,Pb,SFA-13,11801187
Pb_1926,132909,1126459,8.475,10.551,Pb,SFA-13,5846075
Pb_1927,136045,1805596,13.272,16.6,Pb,SFA-13,9343493
Pb_1928,146379,2129567,14.548,19.161,Pb,SFA-13,11203571
Pb_1929,98812,761054,7.702,8.757,Pb,SFA-13,3642110
Pb_1930,57432,178726,3.112,3.332,Pb,SFA-13,838902
Pb_1931,124544,1443082,11.587,14.141,Pb,SFA-13,7652773
Pb_1932,138056,1576780,11.421,14.308,Pb,SFA-13,8319369
Pb_1933,129506,1313817,10.145,12.551,Pb,SFA-13,7003195
Pb_1934,125863,1433166,11.387,13.795,Pb,SFA-13,7491641
Pb_1935,126895,1442336,11.366,13.729,Pb,SFA-13,8009195
Pb_1936,86242,403283,4.676,5.224,Pb,SFA-13,2246725
Pb_1937,118926,958393,8.059,9.484,Pb,SFA-13,4925489
Pb_1938,151091,2925089,19.36,26.151,Pb,SFA-13,15349846
Pb_1939,144447,3416633,23.653,30.755,Pb,SFA-13,18268327
Pb_1941,126538,966728,7.64,9.291,Pb,SFA-6,5226351
Pb_1942,109717,811028,7.392,8.584,Pb,SFA-6,4305656
Pb_1943,113053,847596,7.497,8.706,Pb,SFA-6,4477395
Pb_1944,65293,229418,3.514,3.795,Pb,SFA-6,1120536
Pb_1945,139267,1838978,13.205,16.789,Pb,SFA-6,9535669
Pb_1946,134479,1205668,8.965,11.194,Pb,SFA-6,6584950
Pb_1947,124891,1811245,14.503,18.109,Pb,SFA-6,8621498
Pb_1948,135780,1562588,11.508,14.524,Pb,SFA-6,8650683
Pb_1949,149291,1952277,13.077,17.43,Pb,SFA-6,10930457
Pb_1950,130493,1324950,10.153,12.472,Pb,SFA-6,7039835
Pb_1951,135821,2147064,15.808,21.954,Pb,SFA-6,12124816
Pb_1952,123038,1788412,14.535,18.95,Pb,SFA-6,9825687
Pb_1954,112159,668395,5.959,7.024,Pb,SFA-6,3840811
Pb_1955,120068,1062730,8.851,10.563,Pb,SFA-6,5653051
Pb_1956,144249,2093064,14.51,18.619,Pb,SFA-6,11382390
Pb_1957,118421,571522,4.826,6.071,Pb,SFA-6,3455944
Pb_1958,132738,2389944,18.005,23.145,Pb,SFA-6,11765298
Pb_1959,141866,3376311,23.799,30.851,Pb,SFA-6,17705868
Pb_1960,152382,2571782,16.877,23.303,Pb,SFA-6,13799684
Pb_1961,144348,2276556,15.771,20.365,Pb,SFA-6,12166937
Pb_1962,123275,1635366,13.266,16.459,Pb,SFA-6,8067121
Pb_1963,131300,1246419,9.493,11.964,Pb,SFA-6,7117801
Pb_1965,122811,1806203,14.707,18.682,Pb,SFA-6,9320855
Pb_1966,144416,1692971,11.723,15.108,Pb,SFA-6,8954701
Pb_1967,128333,1229458,9.58,11.817,Pb,SFA-6,6587609
Pb_1968,129472,1316602,10.169,12.621,Pb,SFA-6,7065132
Pb_1969,107661,943724,8.766,10.223,Pb,SFA-6,4629564
Pb_1970,124509,1738270,13.961,17.447,Pb,SFA-5,8739941
Pb_1971,120957,2669527,22.07,27.406,Pb,SFA-5,12950054
Pb_1972,47594,135599,2.849,3.023,Pb,SFA-5,649115
Pb_1973,115338,707117,6.131,7.267,Pb,SFA-5,3725580
Pb_1974,75707,371821,4.911,5.409,Pb,SFA-5,2098858
Pb_1975,90204,424819,4.71,5.392,Pb,SFA-5,2329653
Pb_1976,120964,1530347,12.651,15.459,Pb,SFA-5,7398565
Pb_1977,119857,2217332,18.5,22.828,Pb,SFA-5,10707898
Pb_1978,124801,1083322,8.68,10.465,Pb,SFA-5,5899843
Pb_1979,46786,113907,2.435,2.593,Pb,SFA-5,768640
Pb_1980,104901,662163,6.312,7.416,Pb,SFA-5,3376843
Pb_1981,53769,203811,3.79,4.061,Pb,SFA-5,1073737
Pb_1982,86433,478886,5.541,6.162,Pb,SFA-5,2299296
Pb_1983,141084,2149334,15.234,19.382,Pb,SFA-5,11664626
Pb_1984,150908,2665291,17.662,23.702,Pb,SFA-5,14045867
Pb_1985,97536,705333,7.232,8.245,Pb,SFA-5,3703506
Pb_1986,106938,643898,6.021,7.003,Pb,SFA-5,3448102
Pb_1987,156378,2190659,14.009,19.363,Pb,SFA-5,12004731
Pb_1988,124381,1320089,10.613,12.788,Pb,SFA-5,8145653
Pb_1989,140394,1489756,10.611,13.51,Pb,SFA-5,7974752
Pb_1990,122240,2008902,16.434,20.733,Pb,SFA-5,10046183
Pb_1991,145590,1719207,11.809,15.654,Pb,SFA-5,9170144
Pb_1992,128573,1217061,9.466,11.668,Pb,SFA-5,6673548
Pb_1993,127155,1292439,10.164,12.461,Pb,SFA-5,7617635
Pb_1994,102010,898800,8.811,10.289,Pb,SFA-6,4239247
Pb_1995,149746,1927312,12.871,17.115,Pb,SFA-6,10309368
Pb_1996,127456,1248089,9.792,12.036,Pb,SFA-6,6796476
Pb_1997,123562,1031415,8.347,10.303,Pb,SFA-6,5667813
Pb_1998,121635,972559,7.996,9.734,Pb,SFA-6,5434992
Pb_1999,21438,47714,2.226,2.291,Pb,SFA-6,250220
Pb_2000,128440,2631809,20.491,25.936,Pb,SFA-6,12480069
Pb_2000_replica,136037,3949301,29.031,39.852,Pb,SFA-6,21102775
Pb_2001,121552,1052293,8.657,10.653,Pb,SFA-6,5908133
Pb_2002,94641,502808,5.313,6.084,Pb,SFA-6,2833911
Pb_2003,116888,901694,7.714,9.179,Pb,SFA-6,5688699
Pb_2004,140767,1418875,10.08,13.172,Pb,SFA-6,7753759
Pb_2005,138379,1301333,9.404,11.977,Pb,SFA-6,7250682
Pb_2006,128826,1354320,10.513,12.973,Pb,SFA-6,8191302
Pb_2007,129307,1562032,12.08,14.744,Pb,SFA-6,8122764
Pb_2008,88989,520634,5.851,6.557,Pb,SFA-6,3077049
Pb_2009,145481,2058307,14.148,18.508,Pb,SFA-6,10896959
Pb_2010,130802,1137474,8.696,10.719,Pb,SFA-6,6289520
Pb_2011,73718,314483,4.266,4.686,Pb,SFA-6,1530800
Pb_2012,18122,46373,2.559,2.632,Pb,SFA-6,255422
Pb_2013,135592,2129932,15.708,19.566,Pb,SFA-6,11233693
Pb_2014,134657,1943230,14.431,18.337,Pb,SFA-6,10868882
Pb_2015,145841,1532324,10.507,13.693,Pb,SFA-6,8127509
Pb_2015_replica,122337,1600321,13.081,16.412,Pb,SFA-6,7911233
Pb_2016,122378,1548001,12.649,15.721,Pb,SFA-6,7500292
Pb_2017,116700,739648,6.338,7.661,Pb,SFA-6,4253964
Pb_2018,135534,2070458,15.276,19.929,Pb,SFA-6,10530607
Pb_2019,131706,1195657,9.078,11.289,Pb,SFA-6,6869463
Pb_2020,124333,958280,7.707,9.52,Pb,SFA-6,5237401
Pb_2021,124426,875090,7.033,8.67,Pb,SFA-6,4776316
Pb_2022,128522,1380822,10.744,13.133,Pb,SFA-6,7577708
Pb_2023,64731,226726,3.503,3.857,Pb,SFA-6,1275188
Pb_2026,120852,1111918,9.201,11.357,Pb,SFA-6,5704561
Pb_2027,148343,1589023,10.712,14.092,Pb,SFA-6,8675141
Pb_2028,68892,246808,3.583,3.908,Pb,SFA-6,1369276
Pb_2029,152979,2238597,14.633,19.866,Pb,SFA-6,11735111
Pb_2030,132230,1579908,11.948,14.994,Pb,SFA-6,8569302
Pb_2031,138313,1329032,9.609,12.161,Pb,SFA-6,7253675
Pb_2032,109839,711721,6.48,7.546,Pb,SFA-6,3945675
Pb_2033,124089,1172785,9.451,11.471,Pb,SFA-6,6455118
Pb_2035,134551,1186895,8.821,10.988,Pb,SFA-6,6333040
Pb_2035_replica,125728,1956037,15.558,19.507,Pb,SFA-6,9862469
Pb_2036,136380,1493545,10.951,13.814,Pb,SFA-6,7731264
Pb_2037,117770,927554,7.876,9.366,Pb,SFA-6,5027489
Pb_2037_replica,106939,566408,5.297,6.13,Pb,SFA-6,3184043
Pb_2038,130754,1443535,11.04,13.8,Pb,SFA-6,7774527
Pb_2039,124649,1232050,9.884,11.904,Pb,SFA-6,6409708
Pb_2039_replica,131098,1600009,12.205,15.044,Pb,SFA-6,8333924
Pb_2040,130217,1304341,10.017,12.425,Pb,SFA-6,7141223
Pb_2041,129672,1401305,10.807,13.475,Pb,SFA-6,7459224
Pb_2042,129967,2008942,15.457,19.672,Pb,SFA-6,10291399
Pb_2043,121688,1828865,15.029,19.295,Pb,SFA-6,10016382
Pb_2044,157558,2615509,16.6,22.588,Pb,SFA-6,13923847
Pb_2045,98836,578055,5.849,6.648,Pb,SFA-6,3207923
Pb_2046,121793,1315811,10.804,13.275,Pb,SFA-6,6557352
Pb_2047,116583,1491857,12.797,15.453,Pb,SFA-6,7243853
Pb_2048,123981,1166613,9.41,11.448,Pb,SFA-6,6156557
Pb_2049,128849,1053960,8.18,10.037,Pb,SFA-6,5851082
Pb_2050,143189,1759254,12.286,16.303,Pb,SFA-6,9862481
Pb_2051,138681,1404701,10.129,13.015,Pb,SFA-6,7545915
Pb_2052,121949,1617482,13.264,16.343,Pb,SFA-6,7749325
Pb_2053,127338,1018282,7.997,9.755,Pb,SFA-6,5553325
Pb_2054,147009,2400596,16.33,21.377,Pb,SFA-6,13392889
Pb_2055,126061,1088543,8.635,10.503,Pb,SFA-6,6089001
Pb_2056,95035,472752,4.975,5.664,Pb,SFA-6,2739018
Pb_2057,58899,245397,4.166,4.495,Pb,SFA-6,1326271
Pb_2058,127083,1974806,15.539,19.601,Pb,SFA-6,9663708
Pb_2059,122886,1704122,13.868,17.259,Pb,SFA-6,8008750
Pb_2060,137763,1531165,11.114,13.903,Pb,SFA-6,7952104
Pb_2061,146970,2380678,16.198,21.314,Pb,SFA-6,13017667
Pb_2208,138292,1752434,12.672,15.831,Pb,SFA-6,9118603
Pb_2208_replica,142529,2355694,16.528,21.134,Pb,SFA-6,12198884
Pb_2209,131883,2602610,19.734,24.59,Pb,SFA-6,13095019
Pb_2211,128356,2283532,17.791,21.918,Pb,SFA-6,11984386
Pb_2212,111438,1281169,11.497,13.598,Pb,SFA-6,6556732
Pb_2215,87232,491399,5.633,6.272,Pb,SFA-6,2813138
Pb_2216,132042,1494726,11.32,13.981,Pb,SFA-6,8190585
Pb_2220,133443,2197598,16.468,20.339,Pb,SFA-6,11768537
Pb_2221,135234,2299392,17.003,21.337,Pb,SFA-6,12041298
Pb_2222,105445,838530,7.952,9.209,Pb,SFA-6,4084487
Pb_2223,100057,500847,5.006,5.648,Pb,SFA-6,2756749
Pb_2223_replica,118658,2128666,17.94,21.86,Pb,SFA-6,10344144
Pb_2227,121888,1971863,16.178,19.958,Pb,SFA-6,9511744
Pb_2228,136217,1663499,12.212,15.346,Pb,SFA-6,8504355
Pb_2230,133604,1634291,12.232,15.101,Pb,SFA-6,8571845
Pb_2233,131447,1587281,12.075,15.012,Pb,SFA-6,7856467
Pb_2234,113449,831050,7.325,8.504,Pb,SFA-6,4465067
Pb_2235,116139,918172,7.906,9.303,Pb,SFA-6,4940828
Pb_2236,115792,1723026,14.88,17.947,Pb,SFA-6,8588476
Pb_2237,129227,1826295,14.132,17.51,Pb,SFA-6,9531258
Pb_2238,134006,3408341,25.434,34.444,Pb,SFA-6,18100569
Pb_2239,128419,1608296,12.524,15.448,Pb,SFA-6,8464406
Pb_2241,128612,1787659,13.9,16.862,Pb,SFA-6,9721390
Pb_2242,114684,1530461,13.345,16.027,Pb,SFA-6,7457962
Pb_2243,109405,1083205,9.901,11.728,Pb,SFA-6,5766996
Pb_2244,116932,1515276,12.959,15.915,Pb,SFA-6,7648743
Pb_2245,132567,1489431,11.235,13.953,Pb,SFA-6,7954187
Pb_2246,136886,1547411,11.304,14.166,Pb,SFA-6,8350238
Pb_2247,129170,1612719,12.485,15.5,Pb,SFA-6,8388431
Pb_2248,80390,380277,4.73,5.217,Pb,SFA-6,1851727
Pb_2249,110260,1226826,11.127,13.308,Pb,SFA-6,6148953
Pb_2250,121923,1322090,10.844,13.062,Pb,SFA-6,7346220
Pb_2251,143315,1889778,13.186,17.17,Pb,SFA-6,10340723
Pb_2252,134535,1614164,11.998,15.143,Pb,SFA-6,8489263
Pb_2253,148803,2592703,17.424,23.281,Pb,SFA-6,14155359
Pb_2254,143980,2566518,17.826,23.407,Pb,SFA-6,13591422
Pb_2255,127695,2223214,17.41,22.914,Pb,SFA-6,12452119
Pb_2256,109899,1275522,11.606,13.827,Pb,SFA-6,6555409
Pb_2257,136308,2161271,15.856,20.067,Pb,SFA-6,11572628
Pb_2258,124543,1697921,13.633,17.074,Pb,SFA-6,8169646
Pb_2259,128004,1218403,9.518,11.54,Pb,SFA-6,6950375
Pb_2260,133595,2080180,15.571,19.271,Pb,SFA-6,11283370
Pb_2261,129625,1477087,11.395,14.056,Pb,SFA-6,7961300
Pb_2262,120671,1042416,8.638,10.226,Pb,SFA-6,5564342
Pb_2263,141951,2049317,14.437,18.582,Pb,SFA-7,11557951
Pb_2264,129705,1675043,12.914,16.065,Pb,SFA-7,9342792
Pb_2265,130990,1485100,11.338,14.15,Pb,SFA-7,8103606
Pb_2266,82874,400598,4.834,5.331,Pb,SFA-7,2009966
Pb_2267,103807,895654,8.628,10.074,Pb,SFA-7,4236066
Pb_2268,128234,1139447,8.886,10.904,Pb,SFA-7,6137647
Pb_2269,130861,1370561,10.473,12.985,Pb,SFA-7,7462087
Pb_2270,129715,1135636,8.755,10.832,Pb,SFA-7,6173631
Pb_2271,87027,464490,5.337,5.942,Pb,SFA-7,2302325
Pb_2272,138558,1653124,11.931,14.997,Pb,SFA-7,8866532
Pb_2273,134457,1405708,10.455,13.03,Pb,SFA-7,7457162
Pb_2274,114808,1333709,11.617,14.133,Pb,SFA-7,6399315
Pb_2275,124630,1292190,10.368,12.413,Pb,SFA-7,7032334
Pb_2276,118995,1085476,9.122,10.803,Pb,SFA-7,5803347
Pb_2277,115385,1806376,15.655,19.533,Pb,SFA-7,9843270
Pb_2278,135455,1806794,13.339,16.762,Pb,SFA-7,9724321
Pb_2279,118373,1036870,8.759,10.304,Pb,SFA-7,5954874
Pb_2280,53349,208633,3.911,4.188,Pb,SFA-7,1168330
Pb_2281,127446,1129529,8.863,10.869,Pb,SFA-7,6148539
Pb_2282,120320,1298832,10.795,12.762,Pb,SFA-7,7053340
Pb_2283,124122,2288204,18.435,23.945,Pb,SFA-7,12646236
Pb_2284,115609,1651203,14.283,17.826,Pb,SFA-7,9188202
Pb_2285,125173,3294207,26.317,33.132,Pb,SFA-7,16385800
Pb_2286,129983,2289779,17.616,21.839,Pb,SFA-7,11990443
Pb_2287,120926,998921,8.261,9.863,Pb,SFA-7,5730536
Pb_2288,128272,1565644,12.206,15.021,Pb,SFA-7,8305908
Pb_2289,131197,2141837,16.325,20.374,Pb,SFA-7,11219068
Pb_2290,137129,1614176,11.771,14.818,Pb,SFA-7,8769779
Pb_2291,102396,536623,5.241,6.012,Pb,SFA-7,3254694
Pb_2292,128913,1309231,10.156,12.417,Pb,SFA-7,7160269
Pb_2293,130122,1361665,10.465,13.057,Pb,SFA-7,7348892
Pb_2294,113595,1078320,9.493,11.072,Pb,SFA-7,5769299
Pb_2295,108161,1154428,10.673,12.458,Pb,SFA-7,5718709
Pb_2296,115328,973714,8.443,9.968,Pb,SFA-7,5430480
Pb_2297,125539,2603555,20.739,26.066,Pb,SFA-7,12673652
Pb_2298,124436,1839751,14.785,18.1,Pb,SFA-7,9829908
Pb_2299,128801,2930786,22.754,30.14,Pb,SFA-7,15252608
Pb_2300,119282,1272886,10.671,12.575,Pb,SFA-7,6714668
Pb_2301,134706,2198969,16.324,20.589,Pb,SFA-7,11659041
Pb_2302,134177,4049176,30.178,40.195,Pb,SFA-7,20504924
Pb_2303,91683,618214,6.743,7.62,Pb,SFA-7,3216617
Pb_2304,128858,1230265,9.547,11.565,Pb,SFA-7,6809557
Pb_2305,118630,811697,6.842,8.246,Pb,SFA-8,4676680
Pb_2306,86324,385612,4.467,5.036,Pb,SFA-8,2329566
Pb_2307,98668,583945,5.918,6.918,Pb,SFA-8,3139542
Pb_2308,130616,1089790,8.343,10.372,Pb,SFA-8,6041528
Pb_2309,130582,1181771,9.05,11.417,Pb,SFA-8,6515242
Pb_2310,121949,801559,6.573,8.165,Pb,SFA-8,4590304
Pb_2311,139397,1210272,8.682,11.376,Pb,SFA-8,6784760
Pb_2312,131916,1084034,8.218,10.434,Pb,SFA-8,5979106
Pb_2312_replica,91451,455671,4.983,5.719,Pb,SFA-8,2728900
Pb_2313,82659,288674,3.492,3.979,Pb,SFA-8,1719410
Pb_2314,135726,1533284,11.297,14.623,Pb,SFA-8,8467438
Pb_2315,141666,1427239,10.075,13.175,Pb,SFA-8,7934787
Pb_2316,121968,746668,6.122,7.538,Pb,SFA-8,4247741
Pb_2317,114218,924519,8.094,9.772,Pb,SFA-8,4882603
Pb_2318,61205,193428,3.16,3.449,Pb,SFA-8,1157557
Pb_2319,119893,717567,5.985,7.228,Pb,SFA-8,4039605
Pb_2320,111019,925925,8.34,10.234,Pb,SFA-8,4974556
Pb_2321,139397,1396154,10.016,13.327,Pb,SFA-8,7911193
Pb_2322,145558,2050850,14.09,18.939,Pb,SFA-8,10885305
Pb_2323,111904,625115,5.586,6.678,Pb,SFA-8,3530808
Pb_2324,142927,1650448,11.547,14.873,Pb,SFA-8,9337657
Pb_2325,117230,1239775,10.576,13.616,Pb,SFA-8,7093670
Pb_2326,133863,1310655,9.791,12.614,Pb,SFA-8,7448176
Pb_2327,117847,742694,6.302,7.593,Pb,SFA-8,4215828
Pb_2328,124537,992840,7.972,9.686,Pb,SFA-8,5537076
Pb_2329,72288,282656,3.91,4.299,Pb,SFA-8,1474598
Pb_2330,103744,632243,6.094,7.226,Pb,SFA-8,3388645
Pb_2331,130756,891905,6.821,8.713,Pb,SFA-8,4978292
Pb_2332,68598,226364,3.3,3.625,Pb,SFA-8,1410387
Pb_2333,104409,477579,4.574,5.329,Pb,SFA-8,2704016
Pb_2334,96149,390556,4.062,4.607,Pb,SFA-8,2346006
Pb_2335,113305,665697,5.875,7.085,Pb,SFA-8,4031867
Pb_2336,98099,626213,6.383,7.345,Pb,SFA-8,3631613
Pb_2337,121444,939825,7.739,9.499,Pb,SFA-8,5288959
Pb_2338,98320,432465,4.399,5.034,Pb,SFA-8,2531622
Pb_2339,27500,47163,1.715,1.845,Pb,SFA-8,314982
Pb_2340,115783,873835,7.547,9.156,Pb,SFA-8,4790121
Pb_2341,114659,1000994,8.73,10.458,Pb,SFA-8,5230624
Pb_2342,142935,1666892,11.662,15.17,Pb,SFA-8,9146972
Pb_2343,127030,1698442,13.37,17.573,Pb,SFA-8,8880272
Pb_2344,106925,559150,5.229,6.232,Pb,SFA-8,3202471
Pb_2345,127971,1493666,11.672,16.082,Pb,SFA-8,8543050
Pb_2346,84904,276924,3.262,3.722,Pb,SFA-8,1740759
Pb_2347,120460,843156,6.999,8.566,Pb,SFA-8,5025583
Pb_2348,100580,390114,3.879,4.562,Pb,SFA-8,2175527
Pb_2349,122223,1116107,9.132,11.092,Pb,SFA-8,6078077
Pb_2350,124032,870462,7.018,8.834,Pb,SFA-8,5128199
Pb_2351,138744,1312218,9.458,12.146,Pb,SFA-8,7293391
Pb_2352,127848,981915,7.68,9.556,Pb,SFA-8,5710115
Pb_2353,138888,1612957,11.613,15.335,Pb,SFA-8,9020759
Pb_2354,123566,840931,6.806,8.496,Pb,SFA-8,4777805
Pb_2354_replica,127026,1510464,11.891,15.199,Pb,SFA-8,7585998
Pb_2355,119339,748525,6.272,7.687,Pb,SFA-8,4432359
Pb_2356,81593,349455,4.283,4.755,Pb,SFA-8,1845476
Pb_2358,124108,1629113,13.127,16.384,Pb,SFA-7,8445605
Pb_2360,145192,2867595,19.75,25.745,Pb,SFA-7,15168130
Pb_2361,98119,707376,7.209,8.277,Pb,SFA-7,3614913
Pb_2362,112436,1269563,11.291,13.389,Pb,SFA-7,6417057
Pb_2363,124351,1014406,8.158,9.799,Pb,SFA-7,5791008
Pb_2364,136413,1795680,13.164,16.566,Pb,SFA-7,9685972
Pb_2365,109481,1063996,9.719,11.633,Pb,SFA-7,5580200
Pb_2366,141613,1995540,14.092,18.233,Pb,SFA-7,10660290
Pb_2367,139280,1844549,13.243,16.908,Pb,SFA-7,9772962
Pb_2368,114211,1205567,10.556,12.657,Pb,SFA-7,5973627
Pb_2369,121444,1892620,15.584,19.703,Pb,SFA-7,9512977
Pb_2370,120633,1309767,10.857,13.466,Pb,SFA-7,6624844
Pb_2371,144541,2027728,14.029,18.744,Pb,SFA-7,11250633
Pb_2372,137522,1400897,10.187,12.925,Pb,SFA-7,7777444
Pb_2373,116623,1925246,16.508,20.034,Pb,SFA-7,9168224
Pb_2374,134194,1293736,9.641,11.94,Pb,SFA-7,7390998
Pb_2375,110686,917974,8.293,9.798,Pb,SFA-7,4687203
Pb_2377,117456,2584509,22.004,27.213,Pb,SFA-12,13243557
Pb_2378,134193,1567875,11.684,14.726,Pb,SFA-12,8366447
Pb_2379,133779,2275614,17.01,21.158,Pb,SFA-12,11971192
Pb_2380,136112,2408857,17.698,22.595,Pb,SFA-12,13123891
Pb_2381,119540,1601686,13.399,16.389,Pb,SFA-12,8187776
Pb_2382,119012,1606801,13.501,17.895,Pb,SFA-12,8170113
Pb_2383,119096,1829033,15.358,19.632,Pb,SFA-12,10152363
Pb_2384,122359,1059415,8.658,10.406,Pb,SFA-12,5935422
Pb_2385,156288,2621159,16.771,22.906,Pb,SFA-12,13744792
Pb_2386,110839,787967,7.109,8.264,Pb,SFA-12,4692275
Pb_2387,150865,2466206,16.347,21.863,Pb,SFA-12,14032931
Pb_2388,121137,2075320,17.132,22.077,Pb,SFA-12,10719838
Pb_2389,123894,1804592,14.566,18.401,Pb,SFA-12,9189094
Pb_2390,126846,2672512,21.069,27.332,Pb,SFA-12,13211329
Pb_2391,122361,1037640,8.48,10.25,Pb,SFA-12,5876955
Pb_2392,131721,1713834,13.011,16.143,Pb,SFA-8,9097474
Pb_2393,138285,2030898,14.686,18.538,Pb,SFA-8,11269381
Pb_2394,116072,893019,7.694,9.087,Pb,SFA-8,5302676
Pb_2395,122430,1168166,9.542,11.536,Pb,SFA-8,6182421
Pb_2396,113790,855986,7.523,8.826,Pb,SFA-8,4812422
Pb_2397,132012,1767707,13.391,16.942,Pb,SFA-8,9470186
Pb_2398,115712,2051695,17.731,22.04,Pb,SFA-8,10409660
Pb_2399,138943,1981751,14.263,18.306,Pb,SFA-8,10674434
Pb_2400,113350,1935408,17.075,20.516,Pb,SFA-8,9479727
Pb_2401,114988,1825680,15.877,19.644,Pb,SFA-8,9289109
Pb_2402,124631,2499884,20.058,25.304,Pb,SFA-8,12266444
Pb_2403,138458,2837364,20.493,26.043,Pb,SFA-8,15404948
Pb_2404,113185,1676756,14.814,18.025,Pb,SFA-8,8249825
Pb_2405,124176,1359082,10.945,13.212,Pb,SFA-8,7184066
Pb_2406,122095,2255138,18.47,23.26,Pb,SFA-8,11627551
Pb_2407,130214,1274284,9.786,11.986,Pb,SFA-8,6884068
Pb_2408,124770,1127549,9.037,10.855,Pb,SFA-8,6538329
Pb_2409,139541,2192446,15.712,20.189,Pb,SFA-8,12780039
Pb_2410,134529,1352500,10.054,12.588,Pb,SFA-8,8105289
Pb_2411,133667,2025003,15.15,18.861,Pb,SFA-8,10432316
Pb_2412,126938,2614648,20.598,27.048,Pb,SFA-8,14264076
Pb_2413,119524,834134,6.979,8.459,Pb,SFA-8,4348697
Pb_2414,155986,3204380,20.543,28.388,Pb,SFA-8,17244430
Pb_2415,133447,2242804,16.807,22.173,Pb,SFA-8,11471523
Pb_2416,138554,2136339,15.419,19.576,Pb,SFA-8,11320894
Pb_2417,119304,1878678,15.747,20.045,Pb,SFA-8,10681288
Pb_2418,127145,1543748,12.142,14.661,Pb,SFA-8,8406857
Pb_2419,140608,2096994,14.914,18.905,Pb,SFA-8,11647332
Pb_2420,125598,1429195,11.379,13.854,Pb,SFA-8,7741816
Pb_2421,119004,2203008,18.512,22.663,Pb,SFA-8,11085083
Pb_2422,99566,780357,7.838,9.052,Pb,SFA-8,4076998
Pb_2423,125654,2967660,23.618,30.247,Pb,SFA-8,14826627
Pb_2424,129927,1347329,10.37,12.71,Pb,SFA-8,7357394
Pb_2425,141219,1464279,10.369,13.12,Pb,SFA-8,8159013
Pb_2426,121585,1128536,9.282,11.184,Pb,SFA-8,6308706
Pb_2427,114344,1429908,12.505,15.672,Pb,SFA-8,8017016
Pb_2428,124309,2286041,18.39,24.027,Pb,SFA-6,12951617
Pb_2429,137775,1960592,14.23,18.194,Pb,SFA-6,10644884
Pb_2430,144681,1912027,13.215,17.047,Pb,SFA-6,10372106
Pb_2431,131382,1571294,11.96,14.798,Pb,SFA-6,8567687
Pb_2432,104404,1323120,12.673,15.151,Pb,SFA-6,6804857
Pb_2433,116969,2073560,17.727,21.808,Pb,SFA-6,10550036
Pb_2434,123354,1002270,8.125,9.785,Pb,SFA-6,5871020
Pb_2435,118976,2056403,17.284,21.746,Pb,SFA-6,10826173
Pb_2436,148527,1786387,12.027,15.973,Pb,SFA-6,9633498
Pb_2437,117572,1156058,9.833,11.578,Pb,SFA-6,6608864
Pb_2438,143625,1765481,12.292,15.928,Pb,SFA-6,9597811
Pb_2439,148450,4706255,31.703,41.847,Pb,SFA-6,25491671
Pb_2440,135209,2054556,15.195,19.051,Pb,SFA-6,10911032
Pb_2441,130806,1473313,11.263,13.829,Pb,SFA-6,7996970
Pb_2442,136938,1861956,13.597,17.213,Pb,SFA-6,10913712
Pb_2443,114705,2089681,18.218,22.638,Pb,SFA-6,10609562
Pb_2444,132860,1141865,8.594,10.546,Pb,SFA-6,6338834
Pb_2445,113350,2496472,22.024,27.275,Pb,SFA-6,12772317
Pb_2446,130661,1246887,9.543,11.804,Pb,SFA-6,7066524
Pb_2448,121064,1105105,9.128,10.933,Pb,SFA-6,6151454
Pb_2449,132330,1461966,11.048,13.591,Pb,SFA-6,7809505
Pb_2450,143315,2391849,16.689,21.757,Pb,SFA-6,13209226
Pb_2451,135168,1280261,9.472,11.845,Pb,SFA-6,7076785
Pb_2452,147455,2062240,13.986,18.341,Pb,SFA-6,10996495
Pb_2453,158979,2881981,18.128,25.709,Pb,SFA-6,15378269
Pb_2454,140561,2014798,14.334,18.799,Pb,SFA-6,10382328
Pb_2456,128703,1658601,12.887,15.764,Pb,SFA-6,9629646
Pb_2457,117542,1016512,8.648,10.26,Pb,SFA-6,5801638
Pb_2458,117372,1209929,10.308,12.118,Pb,SFA-6,6816440
Pb_2459,116865,889304,7.61,8.975,Pb,SFA-6,4888524
Pb_2460,147233,2969248,20.167,27.034,Pb,SFA-6,16557915
Pb_2461,134687,2039136,15.14,18.949,Pb,SFA-6,11001128
Pb_2462,125168,1213933,9.698,11.916,Pb,SFA-6,6531354
Pb_2463,129013,1270712,9.849,12.12,Pb,SFA-6,6880175
Pb_2464,133506,1640683,12.289,15.399,Pb,SFA-12,8942422
Pb_2465,125397,1727036,13.773,17.24,Pb,SFA-12,8778986
Pb_2466,146914,2309941,15.723,21.188,Pb,SFA-12,12287189
Pb_2467,119350,916699,7.681,9.119,Pb,SFA-12,4930017
Pb_2468,130569,1289580,9.877,12.423,Pb,SFA-12,7081247
Pb_2469,123426,2252953,18.253,23.699,Pb,SFA-12,12745592
Pb_2470,111362,672235,6.036,7.075,Pb,SFA-12,3681512
Pb_2471,138291,1472231,10.646,13.503,Pb,SFA-12,7908761
Pb_2472,123692,938358,7.586,9.107,Pb,SFA-12,5358347
Pb_2473,136723,1986301,14.528,18.441,Pb,SFA-12,10443063
Pb_2474,129711,1312592,10.119,12.427,Pb,SFA-12,6918195
Pb_2475,119623,925134,7.734,9.353,Pb,SFA-12,5013548
Pb_2476,118555,834131,7.036,8.33,Pb,SFA-12,4658504
Pb_2477,113378,741540,6.54,7.607,Pb,SFA-12,3980919
Pb_2478,131969,1496720,11.341,14.112,Pb,SFA-12,7932362
Pb_2479,116062,1875612,16.16,19.867,Pb,SFA-12,9589157
Pb_2480,130753,1437366,10.993,13.615,Pb,SFA-12,7561476
Pb_2481,127645,1028567,8.058,9.962,Pb,SFA-12,5714870
Pb_2482,135916,2086982,15.355,19.431,Pb,SFA-12,11153877
Pb_2483,138469,2377431,17.169,22.11,Pb,SFA-12,12843807
Pb_2484,107428,1358497,12.646,15.069,Pb,SFA-12,6849535
Pb_2485,113993,1078098,9.458,11.093,Pb,SFA-12,6163070
Pb_2486,126412,1305976,10.331,12.654,Pb,SFA-12,7265285
Pb_2487,139376,1558242,11.18,14.469,Pb,SFA-12,8801168
Pb_2488,120905,2107998,17.435,22.483,Pb,SFA-15,10399097
Pb_2489,107792,813436,7.546,8.898,Pb,SFA-15,4474570
Pb_2490,112138,1286245,11.47,13.579,Pb,SFA-15,6528016
Pb_2491,119435,2216473,18.558,23.059,Pb,SFA-15,11512575
Pb_2492,134837,1820388,13.501,17.186,Pb,SFA-15,9888442
Pb_2493,131427,2211246,16.825,21.087,Pb,SFA-15,11897021
Pb_2494,127989,1326209,10.362,12.694,Pb,SFA-15,7453730
Pb_2495,139331,2837595,20.366,25.987,Pb,SFA-15,15253158
Pb_2496,116189,836015,7.195,8.546,Pb,SFA-15,4654485
Pb_2497,144111,1775641,12.321,15.902,Pb,SFA-15,10048060
Pb_2498,132298,1295120,9.789,12.11,Pb,SFA-15,7042890
Pb_2499,133261,1504101,11.287,14.189,Pb,SFA-15,8484363
Pb_2500,112902,1117359,9.897,12.133,Pb,SFA-15,5840447
Pb_2501,140435,2250823,16.028,20.657,Pb,SFA-15,12558846
Pb_2502,146246,2153613,14.726,19.177,Pb,SFA-15,11616894
Pb_2503,137807,1341392,9.734,12.265,Pb,SFA-15,7392131
Pb_2504,127504,1284059,10.071,12.231,Pb,SFA-15,7253135
Pb_2505,138705,2334904,16.834,21.701,Pb,SFA-15,13180005
Pb_2506,111072,628447,5.658,6.576,Pb,SFA-15,3486745
Pb_2507,112528,1849418,16.435,20.738,Pb,SFA-15,10011569
Pb_2508,130546,1375058,10.533,13.269,Pb,SFA-15,7274265
Pb_2509,136719,2184053,15.975,20.356,Pb,SFA-15,11897716
Pb_2510,104405,1160556,11.116,13.148,Pb,SFA-15,5956241
Pb_2511,143258,1671139,11.665,15.033,Pb,SFA-15,9521687
Pb_2512,137498,1670015,12.146,15.266,Pb,SFA-15,9583145
Pb_2513,121073,1182688,9.768,11.719,Pb,SFA-15,6836613
Pb_2514,126786,1606883,12.674,15.35,Pb,SFA-15,9103059
Pb_2515,136339,1941084,14.237,18.068,Pb,SFA-15,10534268
Pb_2516,133100,1348773,10.134,12.673,Pb,SFA-15,8173200
Pb_2517,127369,1123680,8.822,10.783,Pb,SFA-15,6116577
Pb_2518,129098,1490493,11.545,14.275,Pb,SFA-15,8083690
Pb_2519,130478,5988351,45.895,62.39,Pb,SFA-15,30341156
Pb_2520,114012,1349584,11.837,14.773,Pb,SFA-15,6708519
Pb_2521,144626,2159841,14.934,19.387,Pb,SFA-15,12189121
Pb_2522,123364,1152275,9.34,11.35,Pb,SFA-15,6777351
Pb_2523,144500,2876170,19.904,25.951,Pb,SFA-15,15554894
